Workbook

Sheet Data and Analysis
A1: ROOFING SHINGLES DATASET
A3: Bundles | L3: Bundles
A4: Attributes / Bundles | B4: Bundle 1 | C4: Bundle 2 | D4: Bundle 3 | E4: Bundle 4 | F4: Bundle 5 | G4: Bundle 6 | H4: Bundle 7 | I4: Bundle 8 | J4: Bundle 9 | L4: Attributes / Bundles | M4: Life Expectancy | N4: Speed of Installation | O4: Shingle Aesthetics | P4: Price
A5: Life Expectancy | B5: Low Resistance | C5: Low Resistance | D5: Low Resistance | E5: Medium Resistance | F5: Medium Resistance | G5: Medium Resistance | H5: High Resistance | I5: High Resistance | J5: High Resistance | L5: Bundle 1 | M5: Low Resistance | N5: 1 week | O5: No Imperfections | P5: 10
A6: Speed of Installation | B6: 1 week | C6: 1.2 weeks | D6: 1.5 weeks | E6: 1 week | F6: 1.2 weeks | G6: 1.5 weeks | H6: 1 week | I6: 1.2 weeks | J6: 1.5 weeks | L6: Bundle 2 | M6: Low Resistance | N6: 1.2 weeks | O6: No Imperfections | P6: 9
A7: Shingle Aesthetics | B7: No Imperfections | C7: No Imperfections | D7: Minimal Imperfections | E7: Minimal Imperfections | F7: No Imperfections | G7: No Imperfections | H7: No Imperfections | I7: Minimal Imperfections | J7: No Imperfections | L7: Bundle 3 | M7: Low Resistance | N7: 1.5 weeks | O7: Minimal Imperfections | P7: 8
A8: Price | B8: 10 | C8: 9 | D8: 8 | E8: 9 | F8: 8 | G8: 10 | H8: 8 | I8: 10 | J8: 9 | L8: Bundle 4 | M8: Medium Resistance | N8: 1 week | O8: Minimal Imperfections | P8: 9
L9: Bundle 5 | M9: Medium Resistance | N9: 1.2 weeks | O9: No Imperfections | P9: 8
L10: Bundle 6 | M10: Medium Resistance | N10: 1.5 weeks | O10: No Imperfections | P10: 10
A11: Bundle Coding | L11: Bundle 7 | M11: High Resistance | N11: 1 week | O11: No Imperfections | P11: 8
A12: Bundle | B12: Dummy Variable | L12: Bundle 8 | M12: High Resistance | N12: 1.2 weeks | O12: Minimal Imperfections | P12: 10
B13: Resist_Med | C13: Resist_High | D13: Speed_1.2 | E13: Speed_1.5 | F13: Shingle_Minimal | G13: Price_9 | H13: Price_10 | L13: Bundle 9 | M13: High Resistance | N13: 1.5 weeks | O13: No Imperfections | P13: 9
A14: Bundle 1 | B14: {=_xlfn.IFS(M5="Low Resistance",0,M5="Medium Resistance",1,M5="High Resistance",0)} -> 0 | C14: {=_xlfn.IFS(M5="Low Resistance",0,M5="Medium Resistance",0,M5="High Resistance",1)} -> 0 | D14: {=_xlfn.IFS(N5="1 week",0,N5="1.2 weeks",1,N5="1.5 weeks",0)} -> 0 | E14: {=_xlfn.IFS(N5="1 week",0,N5="1.2 weeks",0,N5="1.5 weeks",1)} -> 0 | F14: {=_xlfn.IFS(O5="No Imperfections",0,O5="Minimal Imperfections",1)} -> 0 | G14: {=_xlfn.IFS(P5=8,0,P5=9,1,P5=10,0)} -> 0 | H14: {=_xlfn.IFS(P5=8,0,P5=9,0,P5=10,1)} -> 1
A15: Bundle 2 | B15: {=_xlfn.IFS(M6="Low Resistance",0,M6="Medium Resistance",1,M6="High Resistance",0)} -> 0 | C15: {=_xlfn.IFS(M6="Low Resistance",0,M6="Medium Resistance",0,M6="High Resistance",1)} -> 0 | D15: {=_xlfn.IFS(N6="1 week",0,N6="1.2 weeks",1,N6="1.5 weeks",0)} -> 1 | E15: {=_xlfn.IFS(N6="1 week",0,N6="1.2 weeks",0,N6="1.5 weeks",1)} -> 0 | F15: {=_xlfn.IFS(O6="No Imperfections",0,O6="Minimal Imperfections",1)} -> 0 | G15: {=_xlfn.IFS(P6=8,0,P6=9,1,P6=10,0)} -> 1 | H15: {=_xlfn.IFS(P6=8,0,P6=9,0,P6=10,1)} -> 0
A16: Bundle 3 | B16: {=_xlfn.IFS(M7="Low Resistance",0,M7="Medium Resistance",1,M7="High Resistance",0)} -> 0 | C16: {=_xlfn.IFS(M7="Low Resistance",0,M7="Medium Resistance",0,M7="High Resistance",1)} -> 0 | D16: {=_xlfn.IFS(N7="1 week",0,N7="1.2 weeks",1,N7="1.5 weeks",0)} -> 0 | E16: {=_xlfn.IFS(N7="1 week",0,N7="1.2 weeks",0,N7="1.5 weeks",1)} -> 1 | F16: {=_xlfn.IFS(O7="No Imperfections",0,O7="Minimal Imperfections",1)} -> 1 | G16: {=_xlfn.IFS(P7=8,0,P7=9,1,P7=10,0)} -> 0 | H16: {=_xlfn.IFS(P7=8,0,P7=9,0,P7=10,1)} -> 0
A17: Bundle 4 | B17: {=_xlfn.IFS(M8="Low Resistance",0,M8="Medium Resistance",1,M8="High Resistance",0)} -> 1 | C17: {=_xlfn.IFS(M8="Low Resistance",0,M8="Medium Resistance",0,M8="High Resistance",1)} -> 0 | D17: {=_xlfn.IFS(N8="1 week",0,N8="1.2 weeks",1,N8="1.5 weeks",0)} -> 0 | E17: {=_xlfn.IFS(N8="1 week",0,N8="1.2 weeks",0,N8="1.5 weeks",1)} -> 0 | F17: {=_xlfn.IFS(O8="No Imperfections",0,O8="Minimal Imperfections",1)} -> 1 | G17: {=_xlfn.IFS(P8=8,0,P8=9,1,P8=10,0)} -> 1 | H17: {=_xlfn.IFS(P8=8,0,P8=9,0,P8=10,1)} -> 0
A18: Bundle 5 | B18: {=_xlfn.IFS(M9="Low Resistance",0,M9="Medium Resistance",1,M9="High Resistance",0)} -> 1 | C18: {=_xlfn.IFS(M9="Low Resistance",0,M9="Medium Resistance",0,M9="High Resistance",1)} -> 0 | D18: {=_xlfn.IFS(N9="1 week",0,N9="1.2 weeks",1,N9="1.5 weeks",0)} -> 1 | E18: {=_xlfn.IFS(N9="1 week",0,N9="1.2 weeks",0,N9="1.5 weeks",1)} -> 0 | F18: {=_xlfn.IFS(O9="No Imperfections",0,O9="Minimal Imperfections",1)} -> 0 | G18: {=_xlfn.IFS(P9=8,0,P9=9,1,P9=10,0)} -> 0 | H18: {=_xlfn.IFS(P9=8,0,P9=9,0,P9=10,1)} -> 0
A19: Bundle 6 | B19: {=_xlfn.IFS(M10="Low Resistance",0,M10="Medium Resistance",1,M10="High Resistance",0)} -> 1 | C19: {=_xlfn.IFS(M10="Low Resistance",0,M10="Medium Resistance",0,M10="High Resistance",1)} -> 0 | D19: {=_xlfn.IFS(N10="1 week",0,N10="1.2 weeks",1,N10="1.5 weeks",0)} -> 0 | E19: {=_xlfn.IFS(N10="1 week",0,N10="1.2 weeks",0,N10="1.5 weeks",1)} -> 1 | F19: {=_xlfn.IFS(O10="No Imperfections",0,O10="Minimal Imperfections",1)} -> 0 | G19: {=_xlfn.IFS(P10=8,0,P10=9,1,P10=10,0)} -> 0 | H19: {=_xlfn.IFS(P10=8,0,P10=9,0,P10=10,1)} -> 1
A20: Bundle 7 | B20: {=_xlfn.IFS(M11="Low Resistance",0,M11="Medium Resistance",1,M11="High Resistance",0)} -> 0 | C20: {=_xlfn.IFS(M11="Low Resistance",0,M11="Medium Resistance",0,M11="High Resistance",1)} -> 1 | D20: {=_xlfn.IFS(N11="1 week",0,N11="1.2 weeks",1,N11="1.5 weeks",0)} -> 0 | E20: {=_xlfn.IFS(N11="1 week",0,N11="1.2 weeks",0,N11="1.5 weeks",1)} -> 0 | F20: {=_xlfn.IFS(O11="No Imperfections",0,O11="Minimal Imperfections",1)} -> 0 | G20: {=_xlfn.IFS(P11=8,0,P11=9,1,P11=10,0)} -> 0 | H20: {=_xlfn.IFS(P11=8,0,P11=9,0,P11=10,1)} -> 0
A21: Bundle 8 | B21: {=_xlfn.IFS(M12="Low Resistance",0,M12="Medium Resistance",1,M12="High Resistance",0)} -> 0 | C21: {=_xlfn.IFS(M12="Low Resistance",0,M12="Medium Resistance",0,M12="High Resistance",1)} -> 1 | D21: {=_xlfn.IFS(N12="1 week",0,N12="1.2 weeks",1,N12="1.5 weeks",0)} -> 1 | E21: {=_xlfn.IFS(N12="1 week",0,N12="1.2 weeks",0,N12="1.5 weeks",1)} -> 0 | F21: {=_xlfn.IFS(O12="No Imperfections",0,O12="Minimal Imperfections",1)} -> 1 | G21: {=_xlfn.IFS(P12=8,0,P12=9,1,P12=10,0)} -> 0 | H21: {=_xlfn.IFS(P12=8,0,P12=9,0,P12=10,1)} -> 1
A22: Bundle 9 | B22: {=_xlfn.IFS(M13="Low Resistance",0,M13="Medium Resistance",1,M13="High Resistance",0)} -> 0 | C22: {=_xlfn.IFS(M13="Low Resistance",0,M13="Medium Resistance",0,M13="High Resistance",1)} -> 1 | D22: {=_xlfn.IFS(N13="1 week",0,N13="1.2 weeks",1,N13="1.5 weeks",0)} -> 0 | E22: {=_xlfn.IFS(N13="1 week",0,N13="1.2 weeks",0,N13="1.5 weeks",1)} -> 1 | F22: {=_xlfn.IFS(O13="No Imperfections",0,O13="Minimal Imperfections",1)} -> 0 | G22: {=_xlfn.IFS(P13=8,0,P13=9,1,P13=10,0)} -> 1 | H22: {=_xlfn.IFS(P13=8,0,P13=9,0,P13=10,1)} -> 0
A25: Respondents' Ratings
A26: Bundle | B26: Respondent
B27: Respondent 1 | C27: Respondent 2 | D27: Respondent 3 | E27: Respondent 4 | F27: Respondent 5 | G27: Respondent 6 | H27: Respondent 7 | I27: Respondent 8 | J27: Respondent 9 | K27: Respondent 10 | L27: Respondent 11 | M27: Respondent 12 | N27: Respondent 13 | O27: Respondent 14 | P27: Respondent 15 | Q27: Respondent 16 | R27: Respondent 17 | S27: Respondent 18 | T27: Respondent 19 | U27: Respondent 20
A28: Bundle 1 | B28: 79 | C28: 96 | D28: 50 | E28: 49 | F28: 65 | G28: 86 | H28: 49 | I28: 83 | J28: 49 | K28: 67 | L28: 38 | M28: 57 | N28: 79 | O28: 96 | P28: 53 | Q28: 64 | R28: 60 | S28: 90 | T28: 69 | U28: 93
A29: Bundle 2 | B29: 60 | C29: 81 | D29: 44 | E29: 45 | F29: 57 | G29: 62 | H29: 34 | I29: 90 | J29: 30 | K29: 52 | L29: 30 | M29: 47 | N29: 77 | O29: 98 | P29: 47 | Q29: 61 | R29: 59 | S29: 89 | T29: 67 | U29: 52
A30: Bundle 3 | B30: 42 | C30: 73 | D30: 41 | E30: 37 | F30: 63 | G30: 58 | H30: 22 | I30: 77 | J30: 23 | K30: 51 | L30: 41 | M30: 49 | N30: 88 | O30: 48 | P30: 47 | Q30: 58 | R30: 49 | S30: 87 | T30: 47 | U30: 46
A31: Bundle 4 | B31: 58 | C31: 50 | D31: 31 | E31: 49 | F31: 53 | G31: 74 | H31: 41 | I31: 60 | J31: 33 | K31: 66 | L31: 40 | M31: 50 | N31: 47 | O31: 74 | P31: 39 | Q31: 38 | R31: 54 | S31: 82 | T31: 50 | U31: 59
A32: Bundle 5 | B32: 50 | C32: 51 | D32: 38 | E32: 44 | F32: 50 | G32: 60 | H32: 32 | I32: 65 | J32: 30 | K32: 43 | L32: 22 | M32: 56 | N32: 68 | O32: 98 | P32: 29 | Q32: 48 | R32: 53 | S32: 86 | T32: 48 | U32: 30
A33: Bundle 6 | B33: 41 | C33: 29 | D33: 23 | E33: 29 | F33: 39 | G33: 51 | H33: 20 | I33: 50 | J33: 22 | K33: 15 | L33: 19 | M33: 28 | N33: 40 | O33: 55 | P33: 21 | Q33: 27 | R33: 36 | S33: 68 | T33: 29 | U33: 18
A34: Bundle 7 | B34: 71 | C34: 67 | D34: 38 | E34: 50 | F34: 47 | G34: 67 | H34: 46 | I34: 66 | J34: 48 | K34: 72 | L34: 27 | M34: 58 | N34: 71 | O34: 93 | P34: 36 | Q34: 48 | R34: 55 | S34: 89 | T34: 46 | U34: 77
A35: Bundle 8 | B35: 33 | C35: 26 | D35: 16 | E35: 33 | F35: 22 | G35: 31 | H35: 25 | I35: 35 | J35: 12 | K35: 19 | L35: 25 | M35: 18 | N35: 40 | O35: 65 | P35: 18 | Q35: 28 | R35: 41 | S35: 65 | T35: 32 | U35: 6
A36: Bundle 9 | B36: 30 | C36: 20 | D36: 11 | E36: 30 | F36: 26 | G36: 28 | H36: 15 | I36: 46 | J36: 11 | K36: 29 | L36: 21 | M36: 14 | N36: 37 | O36: 34 | P36: 22 | Q36: 22 | R36: 35 | S36: 66 | T36: 16 | U36: 12
A39: Part-worth Estimation
A40: Variables | B40: Respondent
B41: Respondent 1 | C41: Respondent 2 | D41: Respondent 3 | E41: Respondent 4 | F41: Respondent 5 | G41: Respondent 6 | H41: Respondent 7 | I41: Respondent 8 | J41: Respondent 9 | K41: Respondent 10 | L41: Respondent 11 | M41: Respondent 12 | N41: Respondent 13 | O41: Respondent 14 | P41: Respondent 15 | Q41: Respondent 16 | R41: Respondent 17 | S41: Respondent 18 | T41: Respondent 19 | U41: Respondent 20
A42: Resist_Med | B42: ='Respondent 1-5 regression'!B19 -> -10.666667 | C42: ='Respondent 1-5 regression'!B45 -> -40 | D42: ='Respondent 1-5 regression'!B71 -> -14.333333 | E42: ='Respondent 1-5 regression'!B97 -> -3 | F42: ='Respondent 1-5 regression'!B123 -> -14.333333 | G42: ='Respondent 6-10 regression'!B19 -> -7 | H42: ='Respondent 6-10 regression'!B45 -> -4 | I42: ='Respondent 6-10 regression'!B71 -> -25 | J42: ='Respondent 6-10 regression'!B97 -> -5.6666667 | K42: ='Respondent 6-10 regression'!B123 -> -15.333333 | L42: ='Respondent 11-15 regression'!B19 -> -9.3333333 | M42: ='Respondent 11-15 regression'!B45 -> -6.3333333 | N42: ='Respondent 11-15 regression'!B71 -> -29.666667 | O42: ='Respondent 11-15 regression'!B97 -> -5 | P42: ='Respondent 11-15 regression'!B123 -> -19.333333 | Q42: ='Respondent 16-20 regressions'!B19 -> -23.333333 | R42: ='Respondent 16-20 regressions'!B45 -> -8.3333333 | S42: ='Respondent 16-20 regressions'!B71 -> -10 | T42: ='Respondent 16-20 regressions'!B97 -> -18.666667 | U42: ='Respondent 16-20 regressions'!B123 -> -28
A43: Resist_High | B43: ='Respondent 1-5 regression'!B20 -> -15.666667 | C43: ='Respondent 1-5 regression'!B46 -> -45.666667 | D43: ='Respondent 1-5 regression'!B72 -> -23.333333 | E43: ='Respondent 1-5 regression'!B98 -> -6 | F43: ='Respondent 1-5 regression'!B124 -> -30 | G43: ='Respondent 6-10 regression'!B20 -> -26.666667 | H43: ='Respondent 6-10 regression'!B46 -> -6.3333333 | I43: ='Respondent 6-10 regression'!B72 -> -34.333333 | J43: ='Respondent 6-10 regression'!B98 -> -10.333333 | K43: ='Respondent 6-10 regression'!B124 -> -16.666667 | L43: ='Respondent 11-15 regression'!B20 -> -12 | M43: ='Respondent 11-15 regression'!B46 -> -21 | N43: ='Respondent 11-15 regression'!B72 -> -32 | O43: ='Respondent 11-15 regression'!B98 -> -16.666667 | P43: ='Respondent 11-15 regression'!B124 -> -23.666667 | Q43: ='Respondent 16-20 regressions'!B20 -> -28.333333 | R43: ='Respondent 16-20 regressions'!B46 -> -12.333333 | S43: ='Respondent 16-20 regressions'!B72 -> -15.333333 | T43: ='Respondent 16-20 regressions'!B98 -> -29.666667 | U43: ='Respondent 16-20 regressions'!B124 -> -32
A44: Speed_1.2 | B44: ='Respondent 1-5 regression'!B21 -> -21.666667 | C44: ='Respondent 1-5 regression'!B47 -> -18.333333 | D44: ='Respondent 1-5 regression'!B73 -> -7 | E44: ='Respondent 1-5 regression'!B99 -> -8.6666667 | F44: ='Respondent 1-5 regression'!B125 -> -12 | G44: ='Respondent 6-10 regression'!B21 -> -24.666667 | H44: ='Respondent 6-10 regression'!B47 -> -15 | I44: ='Respondent 6-10 regression'!B73 -> -6.3333333 | J44: ='Respondent 6-10 regression'!B99 -> -19.333333 | K44: ='Respondent 6-10 regression'!B125 -> -30.333333 | L44: ='Respondent 11-15 regression'!B21 -> -9.3333333 | M44: ='Respondent 11-15 regression'!B47 -> -14.666667 | N44: ='Respondent 11-15 regression'!B73 -> -4 | O44: ='Respondent 11-15 regression'!B99 -> -0.66666667 | P44: ='Respondent 11-15 regression'!B125 -> -11.333333 | Q44: ='Respondent 16-20 regressions'!B21 -> -4.3333333 | R44: ='Respondent 16-20 regressions'!B47 -> -5.3333333 | S44: ='Respondent 16-20 regressions'!B73 -> -7 | T44: ='Respondent 16-20 regressions'!B99 -> -6 | U44: ='Respondent 16-20 regressions'!B125 -> -47
A45: Speed_1.5 | B45: ='Respondent 1-5 regression'!B22 -> -31.666667 | C45: ='Respondent 1-5 regression'!B48 -> -30.333333 | D45: ='Respondent 1-5 regression'!B74 -> -14.666667 | E45: ='Respondent 1-5 regression'!B100 -> -17.333333 | F45: ='Respondent 1-5 regression'!B126 -> -12.333333 | G45: ='Respondent 6-10 regression'!B22 -> -30 | H45: ='Respondent 6-10 regression'!B48 -> -26.333333 | I45: ='Respondent 6-10 regression'!B74 -> -12 | J45: ='Respondent 6-10 regression'!B100 -> -24.666667 | K45: ='Respondent 6-10 regression'!B126 -> -36.666667 | L45: ='Respondent 11-15 regression'!B22 -> -8 | M45: ='Respondent 11-15 regression'!B48 -> -24.666667 | N45: ='Respondent 11-15 regression'!B74 -> -10.666667 | O45: ='Respondent 11-15 regression'!B100 -> -42 | P45: ='Respondent 11-15 regression'!B126 -> -12.666667 | Q45: ='Respondent 16-20 regressions'!B22 -> -14.333333 | R45: ='Respondent 16-20 regressions'!B48 -> -16.333333 | S45: ='Respondent 16-20 regressions'!B74 -> -13.333333 | T45: ='Respondent 16-20 regressions'!B100 -> -24.333333 | U45: ='Respondent 16-20 regressions'!B126 -> -51
A46: Shingle_Minimal | B46: ='Respondent 1-5 regression'!B23 -> -10.833333 | C46: ='Respondent 1-5 regression'!B49 -> -7.6666667 | D46: ='Respondent 1-5 regression'!B75 -> -4.6666667 | E46: ='Respondent 1-5 regression'!B101 -> -1.5 | F46: ='Respondent 1-5 regression'!B127 -> -1.3333333 | G46: ='Respondent 6-10 regression'!B23 -> -4.6666667 | H46: ='Respondent 6-10 regression'!B49 -> -3.3333333 | I46: ='Respondent 6-10 regression'!B75 -> -9.3333333 | J46: ='Respondent 6-10 regression'!B101 -> -9 | K46: ='Respondent 6-10 regression'!B127 -> -1 | L46: ='Respondent 11-15 regression'!B23 -> 9.1666667 | M46: ='Respondent 11-15 regression'!B49 -> -4.3333333 | N46: ='Respondent 11-15 regression'!B75 -> -3.6666667 | O46: ='Respondent 11-15 regression'!B101 -> -16.666667 | P46: ='Respondent 11-15 regression'!B127 -> 2.7890445e-31 | Q46: ='Respondent 16-20 regressions'!B23 -> -3.6666667 | R46: ='Respondent 16-20 regressions'!B49 -> -1.6666667 | S46: ='Respondent 16-20 regressions'!B75 -> -3.3333333 | T46: ='Respondent 16-20 regressions'!B101 -> -2.8333333 | U46: ='Respondent 16-20 regressions'!B127 -> -10
A47: Price_9 | B47: ='Respondent 1-5 regression'!B24 -> -5 | C47: ='Respondent 1-5 regression'!B50 -> -13.333333 | D47: ='Respondent 1-5 regression'!B76 -> -10.333333 | E47: ='Respondent 1-5 regression'!B102 -> -2.3333333 | F47: ='Respondent 1-5 regression'!B128 -> -8 | G47: ='Respondent 6-10 regression'!B24 -> -7 | H47: ='Respondent 6-10 regression'!B50 -> -3.3333333 | I47: ='Respondent 6-10 regression'!B76 -> -4 | J47: ='Respondent 6-10 regression'!B102 -> -9 | K47: ='Respondent 6-10 regression'!B128 -> -6.3333333 | L47: ='Respondent 11-15 regression'!B24 -> 0.33333333 | M47: ='Respondent 11-15 regression'!B50 -> -17.333333 | N47: ='Respondent 11-15 regression'!B76 -> -22 | O47: ='Respondent 11-15 regression'!B102 -> -11 | P47: ='Respondent 11-15 regression'!B128 -> -1.3333333 | Q47: ='Respondent 16-20 regressions'!B24 -> -11 | R47: ='Respondent 16-20 regressions'!B50 -> -3 | S47: ='Respondent 16-20 regressions'!B76 -> -8.3333333 | T47: ='Respondent 16-20 regressions'!B102 -> -2.6666667 | U47: ='Respondent 16-20 regressions'!B128 -> -10
A48: Price_10 | B48: ='Respondent 1-5 regression'!B25 -> -3.3333333 | C48: ='Respondent 1-5 regression'!B51 -> -13.333333 | D48: ='Respondent 1-5 regression'!B77 -> -9.3333333 | E48: ='Respondent 1-5 regression'!B103 -> -6.6666667 | F48: ='Respondent 1-5 regression'!B129 -> -11.333333 | G48: ='Respondent 6-10 regression'!B25 -> -5.6666667 | H48: ='Respondent 6-10 regression'!B51 -> -2 | I48: ='Respondent 6-10 regression'!B77 -> -13.333333 | J48: ='Respondent 6-10 regression'!B103 -> -6 | K48: ='Respondent 6-10 regression'!B129 -> -21.666667 | L48: ='Respondent 11-15 regression'!B25 -> -2.6666667 | M48: ='Respondent 11-15 regression'!B51 -> -20 | N48: ='Respondent 11-15 regression'!B77 -> -22.666667 | O48: ='Respondent 11-15 regression'!B103 -> -7.6666667 | P48: ='Respondent 11-15 regression'!B129 -> -6.6666667 | Q48: ='Respondent 16-20 regressions'!B25 -> -11.666667 | R48: ='Respondent 16-20 regressions'!B51 -> -6.6666667 | S48: ='Respondent 16-20 regressions'!B77 -> -13 | T48: ='Respondent 16-20 regressions'!B103 -> -3.6666667 | U48: ='Respondent 16-20 regressions'!B129 -> -12
A51: Range of Part-Worth
A52: Variables | B52: Respondent
B53: Respondent 1 | C53: Respondent 2 | D53: Respondent 3 | E53: Respondent 4 | F53: Respondent 5 | G53: Respondent 6 | H53: Respondent 7 | I53: Respondent 8 | J53: Respondent 9 | K53: Respondent 10 | L53: Respondent 11 | M53: Respondent 12 | N53: Respondent 13 | O53: Respondent 14 | P53: Respondent 15 | Q53: Respondent 16 | R53: Respondent 17 | S53: Respondent 18 | T53: Respondent 19 | U53: Respondent 20
A54: Life Expectancy | B54: =MAX(0,B42:B43)-MIN(0,B42:B43) -> 15.666667 | C54: =MAX(0,C42:C43)-MIN(0,C42:C43) -> 45.666667 | D54: =MAX(0,D42:D43)-MIN(0,D42:D43) -> 23.333333 | E54: =MAX(0,E42:E43)-MIN(0,E42:E43) -> 6 | F54: =MAX(0,F42:F43)-MIN(0,F42:F43) -> 30 | G54: =MAX(0,G42:G43)-MIN(0,G42:G43) -> 26.666667 | H54: =MAX(0,H42:H43)-MIN(0,H42:H43) -> 6.3333333 | I54: =MAX(0,I42:I43)-MIN(0,I42:I43) -> 34.333333 | ... U54: =MAX(0,U42:U43)-MIN(0,U42:U43) -> 32
A55: Speed of Installation | B55: =MAX(0,B44:B45)-MIN(0,B44:B45) -> 31.666667 | C55: =MAX(0,C44:C45)-MIN(0,C44:C45) -> 30.333333 | D55: =MAX(0,D44:D45)-MIN(0,D44:D45) -> 14.666667 | E55: =MAX(0,E44:E45)-MIN(0,E44:E45) -> 17.333333 | F55: =MAX(0,F44:F45)-MIN(0,F44:F45) -> 12.333333 | G55: =MAX(0,G44:G45)-MIN(0,G44:G45) -> 30 | H55: =MAX(0,H44:H45)-MIN(0,H44:H45) -> 26.333333 | I55: =MAX(0,I44:I45)-MIN(0,I44:I45) -> 12 | ... U55: =MAX(0,U44:U45)-MIN(0,U44:U45) -> 51
A56: Shingle Aesthetics | B56: =MAX(0,B46)-MIN(0,B46) -> 10.833333 | C56: =MAX(0,C46)-MIN(0,C46) -> 7.6666667 | D56: =MAX(0,D46)-MIN(0,D46) -> 4.6666667 | E56: =MAX(0,E46)-MIN(0,E46) -> 1.5 | F56: =MAX(0,F46)-MIN(0,F46) -> 1.3333333 | G56: =MAX(0,G46)-MIN(0,G46) -> 4.6666667 | H56: =MAX(0,H46)-MIN(0,H46) -> 3.3333333 | I56: =MAX(0,I46)-MIN(0,I46) -> 9.3333333 | ... U56: =MAX(0,U46)-MIN(0,U46) -> 10
A57: Price | B57: =MAX(0,B47:B48)-MIN(0,B47:B48) -> 5 | C57: =MAX(0,C47:C48)-MIN(0,C47:C48) -> 13.333333 | D57: =MAX(0,D47:D48)-MIN(0,D47:D48) -> 10.333333 | E57: =MAX(0,E47:E48)-MIN(0,E47:E48) -> 6.6666667 | F57: =MAX(0,F47:F48)-MIN(0,F47:F48) -> 11.333333 | G57: =MAX(0,G47:G48)-MIN(0,G47:G48) -> 7 | H57: =MAX(0,H47:H48)-MIN(0,H47:H48) -> 3.3333333 | I57: =MAX(0,I47:I48)-MIN(0,I47:I48) -> 13.333333 | ... U57: =MAX(0,U47:U48)-MIN(0,U47:U48) -> 12
A61: Attribute Importances (% of total utility range)
A62: Variables | B62: Respondent
B63: Respondent 1 | C63: Respondent 2 | D63: Respondent 3 | E63: Respondent 4 | F63: Respondent 5 | G63: Respondent 6 | H63: Respondent 7 | I63: Respondent 8 | J63: Respondent 9 | K63: Respondent 10 | L63: Respondent 11 | M63: Respondent 12 | N63: Respondent 13 | O63: Respondent 14 | P63: Respondent 15 | Q63: Respondent 16 | R63: Respondent 17 | S63: Respondent 18 | T63: Respondent 19 | U63: Respondent 20 | V63: Average
A64: Life Expectancy (%) | B64: =B54/SUM(B54:B57) -> 0.24802111 | C64: =C54/SUM(C54:C57) -> 0.47079038 | D64: =D54/SUM(D54:D57) -> 0.44025157 | E64: =E54/SUM(E54:E57) -> 0.19047619 | F64: =F54/SUM(F54:F57) -> 0.54545455 | G64: =G54/SUM(G54:G57) -> 0.3902439 | H64: =H54/SUM(H54:H57) -> 0.16101695 | I64: =I54/SUM(I54:I57) -> 0.49758454 | ... U64: =U54/SUM(U54:U57) -> 0.3047619 | V64: =AVERAGE(B64:U64) -> 0.35906103
A65: Speed of Installation (%) | B65: =B55/SUM(B54:B57) -> 0.50131926 | C65: =C55/SUM(C54:C57) -> 0.31271478 | D65: =D55/SUM(D54:D57) -> 0.27672956 | E65: =E55/SUM(E54:E57) -> 0.55026455 | F65: =F55/SUM(F54:F57) -> 0.22424242 | G65: =G55/SUM(G54:G57) -> 0.43902439 | H65: =H55/SUM(H54:H57) -> 0.66949153 | I65: =I55/SUM(I54:I57) -> 0.17391304 | ... U65: =U55/SUM(U54:U57) -> 0.48571429 | V65: =AVERAGE(B65:U65) -> 0.37674921
A66: Shingle Aesthetics (%) | B66: =B56/SUM(B54:B57) -> 0.17150396 | C66: =C56/SUM(C54:C57) -> 0.079037801 | D66: =D56/SUM(D54:D57) -> 0.088050314 | E66: =E56/SUM(E54:E57) -> 0.047619048 | F66: =F56/SUM(F54:F57) -> 0.024242424 | G66: =G56/SUM(G54:G57) -> 0.068292683 | H66: =H56/SUM(H54:H57) -> 0.084745763 | I66: =I56/SUM(I54:I57) -> 0.1352657 | ... U66: =U56/SUM(U54:U57) -> 0.095238095 | V66: =AVERAGE(B66:U66) -> 0.089393068
A67: Price (%) | B67: =B57/SUM(B54:B57) -> 0.079155673 | C67: =C57/SUM(C54:C57) -> 0.13745704 | D67: =D57/SUM(D54:D57) -> 0.19496855 | E67: =E57/SUM(E54:E57) -> 0.21164021 | F67: =F57/SUM(F54:F57) -> 0.20606061 | G67: =G57/SUM(G54:G57) -> 0.10243902 | H67: =H57/SUM(H54:H57) -> 0.084745763 | I67: =I57/SUM(I54:I57) -> 0.19323671 | ... U67: =U57/SUM(U54:U57) -> 0.11428571 | V67: =AVERAGE(B67:U67) -> 0.17479669
A70: Segment
B71: Respondent
B72: Respondent 1 | C72: Respondent 2 | D72: Respondent 3 | E72: Respondent 4 | F72: Respondent 5 | G72: Respondent 6 | H72: Respondent 7 | I72: Respondent 8 | J72: Respondent 9 | K72: Respondent 10 | L72: Respondent 11 | M72: Respondent 12 | N72: Respondent 13 | O72: Respondent 14 | P72: Respondent 15 | Q72: Respondent 16 | R72: Respondent 17 | S72: Respondent 18 | T72: Respondent 19 | U72: Respondent 20
B73: 1 | C73: 2 | D73: 2 | E73: 1 | F73: 2 | G73: 1 | H73: 1 | I73: 2 | J73: 1 | K73: 1 | L73: 3 | M73: 3 | N73: 2 | O73: 1 | P73: 2 | Q73: 2 | R73: 1 | S73: 3 | T73: 2 | U73: 1
A76: Segment: Attribute Importances (average %, by segment)
A77: Variables | B77: Respondent
B78: Segment 1 | C78: Segment 2 | D78: Segment 3
A79: Life Expectancy | B79: =AVERAGEIF($B$73:$U$73,1,B64:U64) -> 0.24835226 | C79: =AVERAGEIF($B$73:$U$73,2,B64:U64) -> 0.49338758 | D79: =AVERAGEIF($B$73:$U$73,3,B64:U64) -> 0.33298323
A80: Speed of Installation | B80: =AVERAGEIF($B$73:$U$73,1,B65:U65) -> 0.50240077 | C80: =AVERAGEIF($B$73:$U$73,2,B65:U65) -> 0.26076164 | D80: =AVERAGEIF($B$73:$U$73,3,B65:U65) -> 0.30909474
A81: Shingle Aesthetics | B81: =AVERAGEIF($B$73:$U$73,1,B66:U66) -> 0.098718222 | C81: =AVERAGEIF($B$73:$U$73,2,B66:U66) -> 0.061223335 | D81: =AVERAGEIF($B$73:$U$73,3,B66:U66) -> 0.13653689
A82: Price | B82: =AVERAGEIF($B$73:$U$73,1,B67:U67) -> 0.15052875 | C82: =AVERAGEIF($B$73:$U$73,2,B67:U67) -> 0.18462745 | D82: =AVERAGEIF($B$73:$U$73,3,B67:U67) -> 0.22138514
B83: =SUM(B79:B82) -> 1 | C83: =SUM(C79:C82) -> 1 | D83: =SUM(D79:D82) -> 1
A84: Number of Customers (n) | B84: =COUNTIF($B$73:$U$73,1) -> 9 | C84: =COUNTIF($B$73:$U$73,2) -> 8 | D84: =COUNTIF($B$73:$U$73,3) -> 3
A87: Utilities of Current Choice
A88: Variables
B89: Respondent 1 | C89: Respondent 2 | D89: Respondent 3 | E89: Respondent 4 | F89: Respondent 5 | G89: Respondent 6 | H89: Respondent 7 | I89: Respondent 8 | J89: Respondent 9 | K89: Respondent 10 | L89: Respondent 11 | M89: Respondent 12 | N89: Respondent 13 | O89: Respondent 14 | P89: Respondent 15 | Q89: Respondent 16 | R89: Respondent 17 | S89: Respondent 18 | T89: Respondent 19 | U89: Respondent 20 | V89: Average
A90: Bundle 1 | B90: =B$42*$B$14+B$43*$C$14+B$44*$D$14+B$45*$E$14+B$46*$F$14+B$47*$G$14+B$48*$H$14 -> -3.3333333 | C90: =C$42*$B$14+C$43*$C$14+C$44*$D$14+C$45*$E$14+C$46*$F$14+C$47*$G$14+C$48*$H$14 -> -13.333333 | D90: =D$42*$B$14+D$43*$C$14+D$44*$D$14+D$45*$E$14+D$46*$F$14+D$47*$G$14+D$48*$H$14 -> -9.3333333 | E90: =E$42*$B$14+E$43*$C$14+E$44*$D$14+E$45*$E$14+E$46*$F$14+E$47*$G$14+E$48*$H$14 -> -6.6666667 | F90: =F$42*$B$14+F$43*$C$14+F$44*$D$14+F$45*$E$14+F$46*$F$14+F$47*$G$14+F$48*$H$14 -> -11.333333 | G90: =G$42*$B$14+G$43*$C$14+G$44*$D$14+G$45*$E$14+G$46*$F$14+G$47*$G$14+G$48*$H$14 -> -5.6666667 | H90: =H$42*$B$14+H$43*$C$14+H$44*$D$14+H$45*$E$14+H$46*$F$14+H$47*$G$14+H$48*$H$14 -> -2 | I90: =I$42*$B$14+I$43*$C$14+I$44*$D$14+I$45*$E$14+I$46*$F$14+I$47*$G$14+I$48*$H$14 -> -13.333333 | ... U90: =U$42*$B$14+U$43*$C$14+U$44*$D$14+U$45*$E$14+U$46*$F$14+U$47*$G$14+U$48*$H$14 -> -12 | V90: =AVERAGE(B90:U90) -> -9.9666667
A91: Bundle 2 | B91: =B$42*$B$15+B$43*$C$15+B$44*$D$15+B$45*$E$15+B$46*$F$15+B$47*$G$15+B$48*$H$15 -> -26.666667 | C91: =C$42*$B$15+C$43*$C$15+C$44*$D$15+C$45*$E$15+C$46*$F$15+C$47*$G$15+C$48*$H$15 -> -31.666667 | D91: =D$42*$B$15+D$43*$C$15+D$44*$D$15+D$45*$E$15+D$46*$F$15+D$47*$G$15+D$48*$H$15 -> -17.333333 | E91: =E$42*$B$15+E$43*$C$15+E$44*$D$15+E$45*$E$15+E$46*$F$15+E$47*$G$15+E$48*$H$15 -> -11 | F91: =F$42*$B$15+F$43*$C$15+F$44*$D$15+F$45*$E$15+F$46*$F$15+F$47*$G$15+F$48*$H$15 -> -20 | G91: =G$42*$B$15+G$43*$C$15+G$44*$D$15+G$45*$E$15+G$46*$F$15+G$47*$G$15+G$48*$H$15 -> -31.666667 | H91: =H$42*$B$15+H$43*$C$15+H$44*$D$15+H$45*$E$15+H$46*$F$15+H$47*$G$15+H$48*$H$15 -> -18.333333 | I91: =I$42*$B$15+I$43*$C$15+I$44*$D$15+I$45*$E$15+I$46*$F$15+I$47*$G$15+I$48*$H$15 -> -10.333333 | ... U91: =U$42*$B$15+U$43*$C$15+U$44*$D$15+U$45*$E$15+U$46*$F$15+U$47*$G$15+U$48*$H$15 -> -57 | V91: =AVERAGE(B91:U91) -> -21.4
A92: Bundle 3 | B92: =B$42*$B$16+B$43*$C$16+B$44*$D$16+B$45*$E$16+B$46*$F$16+B$47*$G$16+B$48*$H$16 -> -42.5 | C92: =C$42*$B$16+C$43*$C$16+C$44*$D$16+C$45*$E$16+C$46*$F$16+C$47*$G$16+C$48*$H$16 -> -38 | D92: =D$42*$B$16+D$43*$C$16+D$44*$D$16+D$45*$E$16+D$46*$F$16+D$47*$G$16+D$48*$H$16 -> -19.333333 | E92: =E$42*$B$16+E$43*$C$16+E$44*$D$16+E$45*$E$16+E$46*$F$16+E$47*$G$16+E$48*$H$16 -> -18.833333 | F92: =F$42*$B$16+F$43*$C$16+F$44*$D$16+F$45*$E$16+F$46*$F$16+F$47*$G$16+F$48*$H$16 -> -13.666667 | G92: =G$42*$B$16+G$43*$C$16+G$44*$D$16+G$45*$E$16+G$46*$F$16+G$47*$G$16+G$48*$H$16 -> -34.666667 | H92: =H$42*$B$16+H$43*$C$16+H$44*$D$16+H$45*$E$16+H$46*$F$16+H$47*$G$16+H$48*$H$16 -> -29.666667 | I92: =I$42*$B$16+I$43*$C$16+I$44*$D$16+I$45*$E$16+I$46*$F$16+I$47*$G$16+I$48*$H$16 -> -21.333333 | ... U92: =U$42*$B$16+U$43*$C$16+U$44*$D$16+U$45*$E$16+U$46*$F$16+U$47*$G$16+U$48*$H$16 -> -61 | V92: =AVERAGE(B92:U92) -> -27.183333
A93: Bundle 4 | B93: =B$42*$B$17+B$43*$C$17+B$44*$D$17+B$45*$E$17+B$46*$F$17+B$47*$G$17+B$48*$H$17 -> -26.5 | C93: =C$42*$B$17+C$43*$C$17+C$44*$D$17+C$45*$E$17+C$46*$F$17+C$47*$G$17+C$48*$H$17 -> -61 | D93: =D$42*$B$17+D$43*$C$17+D$44*$D$17+D$45*$E$17+D$46*$F$17+D$47*$G$17+D$48*$H$17 -> -29.333333 | E93: =E$42*$B$17+E$43*$C$17+E$44*$D$17+E$45*$E$17+E$46*$F$17+E$47*$G$17+E$48*$H$17 -> -6.8333333 | F93: =F$42*$B$17+F$43*$C$17+F$44*$D$17+F$45*$E$17+F$46*$F$17+F$47*$G$17+F$48*$H$17 -> -23.666667 | G93: =G$42*$B$17+G$43*$C$17+G$44*$D$17+G$45*$E$17+G$46*$F$17+G$47*$G$17+G$48*$H$17 -> -18.666667 | H93: =H$42*$B$17+H$43*$C$17+H$44*$D$17+H$45*$E$17+H$46*$F$17+H$47*$G$17+H$48*$H$17 -> -10.666667 | I93: =I$42*$B$17+I$43*$C$17+I$44*$D$17+I$45*$E$17+I$46*$F$17+I$47*$G$17+I$48*$H$17 -> -38.333333 | ... U93: =U$42*$B$17+U$43*$C$17+U$44*$D$17+U$45*$E$17+U$46*$F$17+U$47*$G$17+U$48*$H$17 -> -48 | V93: =AVERAGE(B93:U93) -> -27.133333
A94: Bundle 5 | B94: =B$42*$B$18+B$43*$C$18+B$44*$D$18+B$45*$E$18+B$46*$F$18+B$47*$G$18+B$48*$H$18 -> -32.333333 | C94: =C$42*$B$18+C$43*$C$18+C$44*$D$18+C$45*$E$18+C$46*$F$18+C$47*$G$18+C$48*$H$18 -> -58.333333 | D94: =D$42*$B$18+D$43*$C$18+D$44*$D$18+D$45*$E$18+D$46*$F$18+D$47*$G$18+D$48*$H$18 -> -21.333333 | E94: =E$42*$B$18+E$43*$C$18+E$44*$D$18+E$45*$E$18+E$46*$F$18+E$47*$G$18+E$48*$H$18 -> -11.666667 | F94: =F$42*$B$18+F$43*$C$18+F$44*$D$18+F$45*$E$18+F$46*$F$18+F$47*$G$18+F$48*$H$18 -> -26.333333 | G94: =G$42*$B$18+G$43*$C$18+G$44*$D$18+G$45*$E$18+G$46*$F$18+G$47*$G$18+G$48*$H$18 -> -31.666667 | H94: =H$42*$B$18+H$43*$C$18+H$44*$D$18+H$45*$E$18+H$46*$F$18+H$47*$G$18+H$48*$H$18 -> -19 | I94: =I$42*$B$18+I$43*$C$18+I$44*$D$18+I$45*$E$18+I$46*$F$18+I$47*$G$18+I$48*$H$18 -> -31.333333 | ... U94: =U$42*$B$18+U$43*$C$18+U$44*$D$18+U$45*$E$18+U$46*$F$18+U$47*$G$18+U$48*$H$18 -> -75 | V94: =AVERAGE(B94:U94) -> -28.516667
A95: Bundle 6 | B95: =B$42*$B$19+B$43*$C$19+B$44*$D$19+B$45*$E$19+B$46*$F$19+B$47*$G$19+B$48*$H$19 -> -45.666667 | C95: =C$42*$B$19+C$43*$C$19+C$44*$D$19+C$45*$E$19+C$46*$F$19+C$47*$G$19+C$48*$H$19 -> -83.666667 | D95: =D$42*$B$19+D$43*$C$19+D$44*$D$19+D$45*$E$19+D$46*$F$19+D$47*$G$19+D$48*$H$19 -> -38.333333 | E95: =E$42*$B$19+E$43*$C$19+E$44*$D$19+E$45*$E$19+E$46*$F$19+E$47*$G$19+E$48*$H$19 -> -27 | F95: =F$42*$B$19+F$43*$C$19+F$44*$D$19+F$45*$E$19+F$46*$F$19+F$47*$G$19+F$48*$H$19 -> -38 | G95: =G$42*$B$19+G$43*$C$19+G$44*$D$19+G$45*$E$19+G$46*$F$19+G$47*$G$19+G$48*$H$19 -> -42.666667 | H95: =H$42*$B$19+H$43*$C$19+H$44*$D$19+H$45*$E$19+H$46*$F$19+H$47*$G$19+H$48*$H$19 -> -32.333333 | I95: =I$42*$B$19+I$43*$C$19+I$44*$D$19+I$45*$E$19+I$46*$F$19+I$47*$G$19+I$48*$H$19 -> -50.333333 | ... U95: =U$42*$B$19+U$43*$C$19+U$44*$D$19+U$45*$E$19+U$46*$F$19+U$47*$G$19+U$48*$H$19 -> -91 | V95: =AVERAGE(B95:U95) -> -47.5
A96: Bundle 7 | B96: =B$42*$B$20+B$43*$C$20+B$44*$D$20+B$45*$E$20+B$46*$F$20+B$47*$G$20+B$48*$H$20 -> -15.666667 | C96: =C$42*$B$20+C$43*$C$20+C$44*$D$20+C$45*$E$20+C$46*$F$20+C$47*$G$20+C$48*$H$20 -> -45.666667 | D96: =D$42*$B$20+D$43*$C$20+D$44*$D$20+D$45*$E$20+D$46*$F$20+D$47*$G$20+D$48*$H$20 -> -23.333333 | E96: =E$42*$B$20+E$43*$C$20+E$44*$D$20+E$45*$E$20+E$46*$F$20+E$47*$G$20+E$48*$H$20 -> -6 | F96: =F$42*$B$20+F$43*$C$20+F$44*$D$20+F$45*$E$20+F$46*$F$20+F$47*$G$20+F$48*$H$20 -> -30 | G96: =G$42*$B$20+G$43*$C$20+G$44*$D$20+G$45*$E$20+G$46*$F$20+G$47*$G$20+G$48*$H$20 -> -26.666667 | H96: =H$42*$B$20+H$43*$C$20+H$44*$D$20+H$45*$E$20+H$46*$F$20+H$47*$G$20+H$48*$H$20 -> -6.3333333 | I96: =I$42*$B$20+I$43*$C$20+I$44*$D$20+I$45*$E$20+I$46*$F$20+I$47*$G$20+I$48*$H$20 -> -34.333333 | ... U96: =U$42*$B$20+U$43*$C$20+U$44*$D$20+U$45*$E$20+U$46*$F$20+U$47*$G$20+U$48*$H$20 -> -32 | V96: =AVERAGE(B96:U96) -> -21.9
A97: Bundle 8 | B97: =B$42*$B$21+B$43*$C$21+B$44*$D$21+B$45*$E$21+B$46*$F$21+B$47*$G$21+B$48*$H$21 -> -51.5 | C97: =C$42*$B$21+C$43*$C$21+C$44*$D$21+C$45*$E$21+C$46*$F$21+C$47*$G$21+C$48*$H$21 -> -85 | D97: =D$42*$B$21+D$43*$C$21+D$44*$D$21+D$45*$E$21+D$46*$F$21+D$47*$G$21+D$48*$H$21 -> -44.333333 | E97: =E$42*$B$21+E$43*$C$21+E$44*$D$21+E$45*$E$21+E$46*$F$21+E$47*$G$21+E$48*$H$21 -> -22.833333 | F97: =F$42*$B$21+F$43*$C$21+F$44*$D$21+F$45*$E$21+F$46*$F$21+F$47*$G$21+F$48*$H$21 -> -54.666667 | G97: =G$42*$B$21+G$43*$C$21+G$44*$D$21+G$45*$E$21+G$46*$F$21+G$47*$G$21+G$48*$H$21 -> -61.666667 | H97: =H$42*$B$21+H$43*$C$21+H$44*$D$21+H$45*$E$21+H$46*$F$21+H$47*$G$21+H$48*$H$21 -> -26.666667 | I97: =I$42*$B$21+I$43*$C$21+I$44*$D$21+I$45*$E$21+I$46*$F$21+I$47*$G$21+I$48*$H$21 -> -63.333333 | ... U97: =U$42*$B$21+U$43*$C$21+U$44*$D$21+U$45*$E$21+U$46*$F$21+U$47*$G$21+U$48*$H$21 -> -101 | V97: =AVERAGE(B97:U97) -> -50.033333
A98: Bundle 9 | B98: =B$42*$B$22+B$43*$C$22+B$44*$D$22+B$45*$E$22+B$46*$F$22+B$47*$G$22+B$48*$H$22 -> -52.333333 | C98: =C$42*$B$22+C$43*$C$22+C$44*$D$22+C$45*$E$22+C$46*$F$22+C$47*$G$22+C$48*$H$22 -> -89.333333 | D98: =D$42*$B$22+D$43*$C$22+D$44*$D$22+D$45*$E$22+D$46*$F$22+D$47*$G$22+D$48*$H$22 -> -48.333333 | E98: =E$42*$B$22+E$43*$C$22+E$44*$D$22+E$45*$E$22+E$46*$F$22+E$47*$G$22+E$48*$H$22 -> -25.666667 | F98: =F$42*$B$22+F$43*$C$22+F$44*$D$22+F$45*$E$22+F$46*$F$22+F$47*$G$22+F$48*$H$22 -> -50.333333 | G98: =G$42*$B$22+G$43*$C$22+G$44*$D$22+G$45*$E$22+G$46*$F$22+G$47*$G$22+G$48*$H$22 -> -63.666667 | H98: =H$42*$B$22+H$43*$C$22+H$44*$D$22+H$45*$E$22+H$46*$F$22+H$47*$G$22+H$48*$H$22 -> -36 | I98: =I$42*$B$22+I$43*$C$22+I$44*$D$22+I$45*$E$22+I$46*$F$22+I$47*$G$22+I$48*$H$22 -> -50.333333 | ... U98: =U$42*$B$22+U$43*$C$22+U$44*$D$22+U$45*$E$22+U$46*$F$22+U$47*$G$22+U$48*$H$22 -> -93 | V98: =AVERAGE(B98:U98) -> -52.316667
A101: Competitors: Bundle Coding
A102: Competitor | B102: Dummy Variable
B103: Resist_Med | C103: Resist_High | D103: Speed_1.2 | E103: Speed_1.5 | F103: Shingle_Minimal | G103: Price_9 | H103: Price_10
A104: Skinner the Great | B104: 0 | C104: 0 | D104: 0 | E104: 1 | F104: 0 | G104: 1 | H104: 0
A105: Krusty Unbreakable | B105: 1 | C105: 0 | D105: 1 | E105: 0 | F105: 1 | G105: 0 | H105: 0
A106: Moe's the Best | B106: 0 | C106: 1 | D106: 0 | E106: 0 | F106: 0 | G106: 0 | H106: 1
A107: Flanders the Neighbour | B107: 0 | C107: 0 | D107: 0 | E107: 1 | F107: 1 | G107: 0 | H107: 0
A110: Competitors: Utilities (predicted utility score)
A111: Competitor | B111: Respondent
B112: Respondent 1 | C112: Respondent 2 | D112: Respondent 3 | E112: Respondent 4 | F112: Respondent 5 | G112: Respondent 6 | H112: Respondent 7 | I112: Respondent 8 | J112: Respondent 9 | K112: Respondent 10 | L112: Respondent 11 | M112: Respondent 12 | N112: Respondent 13 | O112: Respondent 14 | P112: Respondent 15 | Q112: Respondent 16 | R112: Respondent 17 | S112: Respondent 18 | T112: Respondent 19 | U112: Respondent 20
A113: Skinner the Great | B113: =B$42*$B$104+B$43*$C$104+B$44*$D$104+B$45*$E$104+B$46*$F$104+B$47*$G$104+B$48*$H$104 -> -36.666667 | C113: =C$42*$B$104+C$43*$C$104+C$44*$D$104+C$45*$E$104+C$46*$F$104+C$47*$G$104+C$48*$H$104 -> -43.666667 | D113: =D$42*$B$104+D$43*$C$104+D$44*$D$104+D$45*$E$104+D$46*$F$104+D$47*$G$104+D$48*$H$104 -> -25 | E113: =E$42*$B$104+E$43*$C$104+E$44*$D$104+E$45*$E$104+E$46*$F$104+E$47*$G$104+E$48*$H$104 -> -19.666667 | F113: =F$42*$B$104+F$43*$C$104+F$44*$D$104+F$45*$E$104+F$46*$F$104+F$47*$G$104+F$48*$H$104 -> -20.333333 | G113: =G$42*$B$104+G$43*$C$104+G$44*$D$104+G$45*$E$104+G$46*$F$104+G$47*$G$104+G$48*$H$104 -> -37 | H113: =H$42*$B$104+H$43*$C$104+H$44*$D$104+H$45*$E$104+H$46*$F$104+H$47*$G$104+H$48*$H$104 -> -29.666667 | I113: =I$42*$B$104+I$43*$C$104+I$44*$D$104+I$45*$E$104+I$46*$F$104+I$47*$G$104+I$48*$H$104 -> -16 | ... U113: =U$42*$B$104+U$43*$C$104+U$44*$D$104+U$45*$E$104+U$46*$F$104+U$47*$G$104+U$48*$H$104 -> -61
A114: Krusty Unbreakable | B114: =B$42*$B$105+B$43*$C$105+B$44*$D$105+B$45*$E$105+B$46*$F$105+B$47*$G$105+B$48*$H$105 -> -43.166667 | C114: =C$42*$B$105+C$43*$C$105+C$44*$D$105+C$45*$E$105+C$46*$F$105+C$47*$G$105+C$48*$H$105 -> -66 | D114: =D$42*$B$105+D$43*$C$105+D$44*$D$105+D$45*$E$105+D$46*$F$105+D$47*$G$105+D$48*$H$105 -> -26 | E114: =E$42*$B$105+E$43*$C$105+E$44*$D$105+E$45*$E$105+E$46*$F$105+E$47*$G$105+E$48*$H$105 -> -13.166667 | F114: =F$42*$B$105+F$43*$C$105+F$44*$D$105+F$45*$E$105+F$46*$F$105+F$47*$G$105+F$48*$H$105 -> -27.666667 | G114: =G$42*$B$105+G$43*$C$105+G$44*$D$105+G$45*$E$105+G$46*$F$105+G$47*$G$105+G$48*$H$105 -> -36.333333 | H114: =H$42*$B$105+H$43*$C$105+H$44*$D$105+H$45*$E$105+H$46*$F$105+H$47*$G$105+H$48*$H$105 -> -22.333333 | I114: =I$42*$B$105+I$43*$C$105+I$44*$D$105+I$45*$E$105+I$46*$F$105+I$47*$G$105+I$48*$H$105 -> -40.666667 | ... U114: =U$42*$B$105+U$43*$C$105+U$44*$D$105+U$45*$E$105+U$46*$F$105+U$47*$G$105+U$48*$H$105 -> -85
A115: Moe's the Best | B115: =B$42*$B$106+B$43*$C$106+B$44*$D$106+B$45*$E$106+B$46*$F$106+B$47*$G$106+B$48*$H$106 -> -19 | C115: =C$42*$B$106+C$43*$C$106+C$44*$D$106+C$45*$E$106+C$46*$F$106+C$47*$G$106+C$48*$H$106 -> -59 | D115: =D$42*$B$106+D$43*$C$106+D$44*$D$106+D$45*$E$106+D$46*$F$106+D$47*$G$106+D$48*$H$106 -> -32.666667 | E115: =E$42*$B$106+E$43*$C$106+E$44*$D$106+E$45*$E$106+E$46*$F$106+E$47*$G$106+E$48*$H$106 -> -12.666667 | F115: =F$42*$B$106+F$43*$C$106+F$44*$D$106+F$45*$E$106+F$46*$F$106+F$47*$G$106+F$48*$H$106 -> -41.333333 | G115: =G$42*$B$106+G$43*$C$106+G$44*$D$106+G$45*$E$106+G$46*$F$106+G$47*$G$106+G$48*$H$106 -> -32.333333 | H115: =H$42*$B$106+H$43*$C$106+H$44*$D$106+H$45*$E$106+H$46*$F$106+H$47*$G$106+H$48*$H$106 -> -8.3333333 | I115: =I$42*$B$106+I$43*$C$106+I$44*$D$106+I$45*$E$106+I$46*$F$106+I$47*$G$106+I$48*$H$106 -> -47.666667 | ... U115: =U$42*$B$106+U$43*$C$106+U$44*$D$106+U$45*$E$106+U$46*$F$106+U$47*$G$106+U$48*$H$106 -> -44
A116: Flanders the Neighbour | B116: =B$42*$B$107+B$43*$C$107+B$44*$D$107+B$45*$E$107+B$46*$F$107+B$47*$G$107+B$48*$H$107 -> -42.5 | C116: =C$42*$B$107+C$43*$C$107+C$44*$D$107+C$45*$E$107+C$46*$F$107+C$47*$G$107+C$48*$H$107 -> -38 | D116: =D$42*$B$107+D$43*$C$107+D$44*$D$107+D$45*$E$107+D$46*$F$107+D$47*$G$107+D$48*$H$107 -> -19.333333 | E116: =E$42*$B$107+E$43*$C$107+E$44*$D$107+E$45*$E$107+E$46*$F$107+E$47*$G$107+E$48*$H$107 -> -18.833333 | F116: =F$42*$B$107+F$43*$C$107+F$44*$D$107+F$45*$E$107+F$46*$F$107+F$47*$G$107+F$48*$H$107 -> -13.666667 | G116: =G$42*$B$107+G$43*$C$107+G$44*$D$107+G$45*$E$107+G$46*$F$107+G$47*$G$107+G$48*$H$107 -> -34.666667 | H116: =H$42*$B$107+H$43*$C$107+H$44*$D$107+H$45*$E$107+H$46*$F$107+H$47*$G$107+H$48*$H$107 -> -29.666667 | I116: =I$42*$B$107+I$43*$C$107+I$44*$D$107+I$45*$E$107+I$46*$F$107+I$47*$G$107+I$48*$H$107 -> -21.333333 | ... U116: =U$42*$B$107+U$43*$C$107+U$44*$D$107+U$45*$E$107+U$46*$F$107+U$47*$G$107+U$48*$H$107 -> -61
A119: Purchase Probability (logit choice share, %)
A120: Variables | B120: Respondent
B121: Respondent 1 | C121: Respondent 2 | D121: Respondent 3 | E121: Respondent 4 | F121: Respondent 5 | G121: Respondent 6 | H121: Respondent 7 | I121: Respondent 8 | J121: Respondent 9 | K121: Respondent 10 | L121: Respondent 11 | M121: Respondent 12 | N121: Respondent 13 | O121: Respondent 14 | P121: Respondent 15 | Q121: Respondent 16 | R121: Respondent 17 | S121: Respondent 18 | T121: Respondent 19 | U121: Respondent 20 | V121: Average
A122: Bundle 1 | B122: {=EXP(B90)/(EXP(B90)+SUMPRODUCT(EXP($B$113:$B$116)))} -> 0.99999984 | C122: =EXP(C90)/(EXP(C90)+SUMPRODUCT(EXP($C$113:$C$116))) -> 1 | D122: =EXP(D90)/(EXP(D90)+SUMPRODUCT(EXP($D$113:$D$116))) -> 0.99995439 | E122: =EXP(E90)/(EXP(E90)+SUMPRODUCT(EXP($E$113:$E$116))) -> 0.9960262 | F122: =EXP(F90)/(EXP(F90)+SUMPRODUCT(EXP($F$113:$F$116))) -> 0.91149771 | G122: =EXP(G90)/(EXP(G90)+SUMPRODUCT(EXP($G$113:$G$116))) -> 1 | H122: =EXP(H90)/(EXP(H90)+SUMPRODUCT(EXP($H$113:$H$116))) -> 0.99822704 | I122: =EXP(I90)/(EXP(I90)+SUMPRODUCT(EXP($I$113:$I$116))) -> 0.93473763 | J122: =EXP(J90)/(EXP(J90)+SUMPRODUCT(EXP($J$113:$J$116))) -> 0.99996747 | K122: =EXP(K90)/(EXP(K90)+SUMPRODUCT(EXP($K$113:$K$116))) -> 0.99999983 | L122: =EXP(L90)/(EXP(L90)+SUMPRODUCT(EXP($L$113:$L$116))) -> 0.021175603 | M122: =EXP(M90)/(EXP(M90)+SUMPRODUCT(EXP($M$113:$M$116))) -> 0.99507303 | N122: =EXP(N90)/(EXP(N90)+SUMPRODUCT(EXP($N$113:$N$116))) -> 0.00024031171 | O122: =EXP(O90)/(EXP(O90)+SUMPRODUCT(EXP($O$113:$O$116))) -> 0.99999952 | P122: =EXP(P90)/(EXP(P90)+SUMPRODUCT(EXP($P$113:$P$116))) -> 0.99687764 | Q122: =EXP(Q90)/(EXP(Q90)+SUMPRODUCT(EXP($Q$113:$Q$116))) -> 0.99822589 | R122: =EXP(R90)/(EXP(R90)+SUMPRODUCT(EXP($R$113:$R$116))) -> 0.99980828 | S122: =EXP(S90)/(EXP(S90)+SUMPRODUCT(EXP($S$113:$S$116))) -> 0.97429102 | T122: =EXP(T90)/(EXP(T90)+SUMPRODUCT(EXP($T$113:$T$116))) -> 1 | U122: =EXP(U90)/(EXP(U90)+SUMPRODUCT(EXP($U$113:$U$116))) -> 1 | V122: =AVERAGE(B122:U122) -> 0.89130507
...

Sheet Key Results Summary
A1: KEY RESULTS SUMMARY — Homer & Co. Conjoint Analysis
A3: Overall Attribute Importance (average %)
A4: Attribute | B4: Importance (%)
A5: Life Expectancy | B5: ='Data and Analysis'!V64 -> 0.35906103
A6: Speed of Installation | B6: ='Data and Analysis'!V65 -> 0.37674921
A7: Shingle Aesthetics | B7: ='Data and Analysis'!V66 -> 0.089393068
A8: Price | B8: ='Data and Analysis'!V67 -> 0.17479669
A11: Attribute Importance by Segment (average %)
A12: Attribute | B12: Segment 1 | C12: Segment 2 | D12: Segment 3
A13: Life Expectancy | B13: ='Data and Analysis'!B79 -> 0.24835226 | C13: ='Data and Analysis'!C79 -> 0.49338758 | D13: ='Data and Analysis'!D79 -> 0.33298323
A14: Speed of Installation | B14: ='Data and Analysis'!B80 -> 0.50240077 | C14: ='Data and Analysis'!C80 -> 0.26076164 | D14: ='Data and Analysis'!D80 -> 0.30909474
A15: Shingle Aesthetics | B15: ='Data and Analysis'!B81 -> 0.098718222 | C15: ='Data and Analysis'!C81 -> 0.061223335 | D15: ='Data and Analysis'!D81 -> 0.13653689
A16: Price | B16: ='Data and Analysis'!B82 -> 0.15052875 | C16: ='Data and Analysis'!C82 -> 0.18462745 | D16: ='Data and Analysis'!D82 -> 0.22138514
A17: Number of Customers (n) | B17: ='Data and Analysis'!B84 -> 9 | C17: ='Data and Analysis'!C84 -> 8 | D17: ='Data and Analysis'!D84 -> 3
A20: Overall Utilities of Current Choice (average)
A21: Attribute | B21: Value
A22: Bundle 1 | B22: ='Data and Analysis'!V90 -> -9.9666667
A23: Bundle 2 | B23: ='Data and Analysis'!V91 -> -21.4
A24: Bundle 3 | B24: ='Data and Analysis'!V92 -> -27.183333
A25: Bundle 4 | B25: ='Data and Analysis'!V93 -> -27.133333
A26: Bundle 5 | B26: ='Data and Analysis'!V94 -> -28.516667
A27: Bundle 6 | B27: ='Data and Analysis'!V95 -> -47.5
A28: Bundle 7 | B28: ='Data and Analysis'!V96 -> -21.9
A29: Bundle 8 | B29: ='Data and Analysis'!V97 -> -50.033333
A30: Bundle 9 | B30: ='Data and Analysis'!V98 -> -52.316667
A33: Overall Purchase Probability Compared to the Competitors (average %)
A34: Attribute | B34: Value
A35: Bundle 1 | B35: ='Data and Analysis'!V122 -> 0.89130507
A36: Bundle 2 | B36: ='Data and Analysis'!V123 -> 0.50414376
A37: Bundle 3 | B37: ='Data and Analysis'!V124 -> 0.23766366
A38: Bundle 4 | B38: ='Data and Analysis'!V125 -> 0.26092593
A39: Bundle 5 | B39: ='Data and Analysis'!V126 -> 0.27058202
A40: Bundle 6 | B40: ='Data and Analysis'!V127 -> 1.4703324e-06
A41: Bundle 7 | B41: ='Data and Analysis'!V128 -> 0.53001387
A42: Bundle 8 | B42: ='Data and Analysis'!V129 -> 2.2522019e-06
A43: Bundle 9 | B43: ='Data and Analysis'!V130 -> 7.39639e-08
A46: Purchase Probability Compared to the Competitors by segment (average %)
A47: Attribute | B47: Segment 1 | C47: Segment 2 | D47: Segment 3
A48: Bundle 1 | B48: =AVERAGEIF('Data and Analysis'!$B$73:$U$73,1,'Data and Analysis'!B122:U122) -> 0.99933646 | C48: =AVERAGEIF('Data and Analysis'!$B$73:$U$73,2,'Data and Analysis'!B122:U122) -> 0.8551917 | D48: =AVERAGEIF('Data and Analysis'!$B$73:$U$73,3,'Data and Analysis'!B122:U122) -> 0.66351322
A49: Bundle 2 | B49: =AVERAGEIF('Data and Analysis'!$B$73:$U$73,1,'Data and Analysis'!B123:U123) -> 0.4491002 | C49: =AVERAGEIF('Data and Analysis'!$B$73:$U$73,2,'Data and Analysis'!B123:U123) -> 0.65670028 | D49: =AVERAGEIF('Data and Analysis'!$B$73:$U$73,3,'Data and Analysis'!B123:U123) -> 0.26245707
A50: Bundle 3 | B50: =AVERAGEIF('Data and Analysis'!$B$73:$U$73,1,'Data and Analysis'!B124:U124) -> 0.059611575 | C50: =AVERAGEIF('Data and Analysis'!$B$73:$U$73,2,'Data and Analysis'!B124:U124) -> 0.4000552 | D50: =AVERAGEIF('Data and Analysis'!$B$73:$U$73,3,'Data and Analysis'!B124:U124) -> 0.3387758
A51: Bundle 4 | B51: =AVERAGEIF('Data and Analysis'!$B$73:$U$73,1,'Data and Analysis'!B125:U125) -> 0.44505368 | C51: =AVERAGEIF('Data and Analysis'!$B$73:$U$73,2,'Data and Analysis'!B125:U125) -> 0.10927375 | D51: =AVERAGEIF('Data and Analysis'!$B$73:$U$73,3,'Data and Analysis'!B125:U125) -> 0.11294849
A52: Bundle 5 | B52: =AVERAGEIF('Data and Analysis'!$B$73:$U$73,1,'Data and Analysis'!B126:U126) -> 0.34318926 | C52: =AVERAGEIF('Data and Analysis'!$B$73:$U$73,2,'Data and Analysis'!B126:U126) -> 0.11581242 | D52: =AVERAGEIF('Data and Analysis'!$B$73:$U$73,3,'Data and Analysis'!B126:U126) -> 0.46547925
A53: Bundle 6 | B53: =AVERAGEIF('Data and Analysis'!$B$73:$U$73,1,'Data and Analysis'!B127:U127) -> 3.2662705e-06 | C53: =AVERAGEIF('Data and Analysis'!$B$73:$U$73,2,'Data and Analysis'!B127:U127) -> 8.4741314e-10 | D53: =AVERAGEIF('Data and Analysis'!$B$73:$U$73,3,'Data and Analysis'!B127:U127) -> 1.1450792e-09
A54: Bundle 7 | B54: =AVERAGEIF('Data and Analysis'!$B$73:$U$73,1,'Data and Analysis'!B128:U128) -> 0.97572459 | C54: =AVERAGEIF('Data and Analysis'!$B$73:$U$73,2,'Data and Analysis'!B128:U128) -> 0.0057426632 | D54: =AVERAGEIF('Data and Analysis'!$B$73:$U$73,3,'Data and Analysis'!B128:U128) -> 0.59093829
A55: Bundle 8 | B55: =AVERAGEIF('Data and Analysis'!$B$73:$U$73,1,'Data and Analysis'!B129:U129) -> 4.9806392e-06 | C55: =AVERAGEIF('Data and Analysis'!$B$73:$U$73,2,'Data and Analysis'!B129:U129) -> 1.3187254e-08 | D55: =AVERAGEIF('Data and Analysis'!$B$73:$U$73,3,'Data and Analysis'!B129:U129) -> 3.7595446e-08
A56: Bundle 9 | B56: =AVERAGEIF('Data and Analysis'!$B$73:$U$73,1,'Data and Analysis'!B130:U130) -> 1.6410449e-07 | C56: =AVERAGEIF('Data and Analysis'!$B$73:$U$73,2,'Data and Analysis'!B130:U130) -> 1.4123542e-12 | D56: =AVERAGEIF('Data and Analysis'!$B$73:$U$73,3,'Data and Analysis'!B130:U130) -> 7.7542714e-10
A59: Logit Model Accuracy vs Respondents' Stated Choice
A60: Metric | B60: Value | C60: Unit / Basis
A61: Unmatched predictions | B61: ='Data and Analysis'!C155 -> 3 | C61: count, out of 20 respondents
A62: Model Accuracy | B62: ='Data and Analysis'!C156 -> 0.85 | C62: % of respondents correctly predicted

Sheet Respondent 1-5 regression
A1: RESPONDENT 1
A2: SUMMARY OUTPUT
A4: Regression Statistics
A5: Multiple R | B5: 0.99374396
A6: R Square | B6: 0.98752706
A7: Adjusted R Square | B7: 0.90021649
A8: Standard Error | B8: 5.3072278
A9: Observations | B9: 9
A11: ANOVA
B12: df | C12: SS | D12: MS | E12: F | F12: Significance F
A13: Regression | B13: 7 | C13: 2230.0556 | D13: 318.57937 | E13: 11.31051 | F13: 0.22516575
A14: Residual | B14: 1 | C14: 28.166667 | D14: 28.166667
A15: Total | B15: 8 | C15: 2258.2222
B17: Coefficients | C17: Standard Error | D17: t Stat | E17: P-value | F17: Lower 95% | G17: Upper 95%
A18: Intercept | B18: 84.5 | C18: 4.844814 | D18: 17.44133 | E18: 0.036460726 | F18: 22.940802 | G18: 146.0592
A19: Resist_Med | B19: -10.666667 | C19: 4.3333333 | D19: -2.4615385 | E19: 0.24566054 | F19: -65.726887 | G19: 44.393554
A20: Resist_High | B20: -15.666667 | C20: 4.3333333 | D20: -3.6153846 | E20: 0.17179131 | F20: -70.726887 | G20: 39.393554
A21: Speed_1.2 | B21: -21.666667 | C21: 4.3333333 | D21: -5 | E21: 0.12566592 | F21: -76.726887 | G21: 33.393554
A22: Speed_1.5 | B22: -31.666667 | C22: 4.3333333 | D22: -7.3076923 | E22: 0.086578645 | F22: -86.726887 | G22: 23.393554
A23: Shingle_Minimal | B23: -10.833333 | C23: 3.7527767 | D23: -2.8867513 | E23: 0.21229562 | F23: -58.516883 | G23: 36.850216
A24: Price_9 | B24: -5 | C24: 4.3333333 | D24: -1.1538462 | E24: 0.45460426 | F24: -60.060221 | G24: 50.060221
A25: Price_10 | B25: -3.3333333 | C25: 4.3333333 | D25: -0.76923077 | E25: 0.5825712 | F25: -58.393554 | G25: 51.726887
A27: RESPONDENT 2
A28: SUMMARY OUTPUT
A30: Regression Statistics
A31: Multiple R | B31: 0.9985128
A32: R Square | B32: 0.99702782
A33: Adjusted R Square | B33: 0.97622256
A34: Standard Error | B34: 4.0824829
A35: Observations | B35: 9
A37: ANOVA
B38: df | C38: SS | D38: MS | E38: F | F38: Significance F
A39: Regression | B39: 7 | C39: 5590.8889 | D39: 798.69841 | E39: 47.921905 | F39: 0.11078785
A40: Residual | B40: 1 | C40: 16.666667 | D40: 16.666667
A41: Total | B41: 8 | C41: 5607.5556
B43: Coefficients | C43: Standard Error | D43: t Stat | E43: P-value | F43: Lower 95% | G43: Upper 95% | H43: Lower 95.0% | I43: Upper 95.0%
A44: Intercept | B44: 111 | C44: 3.72678 | D44: 29.784425 | E44: 0.021366225 | F44: 63.646771 | G44: 158.35323 | H44: 63.646771 | I44: 158.35323
A45: Resist_Med | B45: -40 | C45: 3.3333333 | D45: -12 | E45: 0.052929352 | F45: -82.354016 | G45: 2.3540158 | H45: -82.354016 | I45: 2.3540158
A46: Resist_High | B46: -45.666667 | C46: 3.3333333 | D46: -13.7 | E46: 0.046386332 | F46: -88.020682 | G46: -3.3126509 | H46: -88.020682 | I46: -3.3126509
A47: Speed_1.2 | B47: -18.333333 | C47: 3.3333333 | D47: -5.5 | E47: 0.11449829 | F47: -60.687349 | G47: 24.020682 | H47: -60.687349 | I47: 24.020682
A48: Speed_1.5 | B48: -30.333333 | C48: 3.3333333 | D48: -9.1 | E48: 0.069678638 | F48: -72.687349 | G48: 12.020682 | H48: -72.687349 | I48: 12.020682
A49: Shingle_Minimal | B49: -7.6666667 | C49: 2.8867513 | D49: -2.6558112 | E49: 0.22925557 | F49: -44.34632 | G49: 29.012987 | H49: -44.34632 | I49: 29.012987
A50: Price_9 | B50: -13.333333 | C50: 3.3333333 | D50: -4 | E50: 0.15595826 | F50: -55.687349 | G50: 29.020682 | H50: -55.687349 | I50: 29.020682
A51: Price_10 | B51: -13.333333 | C51: 3.3333333 | D51: -4 | E51: 0.15595826 | F51: -55.687349 | G51: 29.020682 | H51: -55.687349 | I51: 29.020682
A53: RESPONDENT 3
A54: SUMMARY OUTPUT
A56: Regression Statistics
A57: Multiple R | B57: 0.99785211
A58: R Square | B58: 0.99570884
A59: Adjusted R Square | B59: 0.96567069
A60: Standard Error | B60: 2.4494897
A61: Observations | B61: 9
A63: ANOVA
B64: df | C64: SS | D64: MS | E64: F | F64: Significance F
A65: Regression | B65: 7 | C65: 1392.2222 | D65: 198.88889 | E65: 33.148148 | F65: 0.13297342
A66: Residual | B66: 1 | C66: 6 | D66: 6
A67: Total | B67: 8 | C67: 1398.2222
B69: Coefficients | C69: Standard Error | D69: t Stat | E69: P-value | F69: Lower 95% | G69: Upper 95% | H69: Lower 95.0% | I69: Upper 95.0%
A70: Intercept | B70: 60.333333 | C70: 2.236068 | D70: 26.981887 | E70: 0.023583544 | F70: 31.921396 | G70: 88.745271 | H70: 31.921396 | I70: 88.745271
A71: Resist_Med | B71: -14.333333 | C71: 2 | D71: -7.1666667 | E71: 0.088260798 | F71: -39.745743 | G71: 11.079076 | H71: -39.745743 | I71: 11.079076
A72: Resist_High | B72: -23.333333 | C72: 2 | D72: -11.666667 | E72: 0.054434361 | F72: -48.745743 | G72: 2.0790761 | H72: -48.745743 | I72: 2.0790761
A73: Speed_1.2 | B73: -7 | C73: 2 | D73: -3.5 | E73: 0.17717107 | F73: -32.412409 | G73: 18.412409 | H73: -32.412409 | I73: 18.412409
A74: Speed_1.5 | B74: -14.666667 | C74: 2 | D74: -7.3333333 | E74: 0.086279622 | F74: -40.079076 | G74: 10.745743 | H74: -40.079076 | I74: 10.745743
A75: Shingle_Minimal | B75: -4.6666667 | C75: 1.7320508 | D75: -2.6943013 | E75: 0.22625107 | F75: -26.674459 | G75: 17.341126 | H75: -26.674459 | I75: 17.341126
A76: Price_9 | B76: -10.333333 | C76: 2 | D76: -5.1666667 | E76: 0.12171181 | F76: -35.745743 | G76: 15.079076 | H76: -35.745743 | I76: 15.079076
A77: Price_10 | B77: -9.3333333 | C77: 2 | D77: -4.6666667 | E77: 0.13438619 | F77: -34.745743 | G77: 16.079076 | H77: -34.745743 | I77: 16.079076
A79: RESPONDENT 4
A80: SUMMARY OUTPUT
A82: Regression Statistics
A83: Multiple R | B83: 0.99985581
A84: R Square | B84: 0.99971165
A85: Adjusted R Square | B85: 0.99769319
A86: Standard Error | B86: 0.40824829
A87: Observations | B87: 9
A89: ANOVA
B90: df | C90: SS | D90: MS | E90: F | F90: Significance F
A91: Regression | B91: 7 | C91: 577.83333 | D91: 82.547619 | E91: 495.28571 | F91: 0.034584874
A92: Residual | B92: 1 | C92: 0.16666667 | D92: 0.16666667
A93: Total | B93: 8 | C93: 578
B95: Coefficients | C95: Standard Error | D95: t Stat | E95: P-value | F95: Lower 95% | G95: Upper 95% | H95: Lower 95.0% | I95: Upper 95.0%
A96: Intercept | B96: 55.833333 | C96: 0.372678 | D96: 149.81655 | E96: 0.0042492655 | F96: 51.09801 | G96: 60.568656 | H96: 51.09801 | I96: 60.568656
A97: Resist_Med | B97: -3 | C97: 0.33333333 | D97: -9 | E97: 0.070446575 | F97: -7.2354016 | G97: 1.2354016 | H97: -7.2354016 | I97: 1.2354016
A98: Resist_High | B98: -6 | C98: 0.33333333 | D98: -18 | E98: 0.035331446 | F98: -10.235402 | G98: -1.7645984 | H98: -10.235402 | I98: -1.7645984
A99: Speed_1.2 | B99: -8.6666667 | C99: 0.33333333 | D99: -26 | E99: 0.024473313 | F99: -12.902068 | G99: -4.4312651 | H99: -12.902068 | I99: -4.4312651
A100: Speed_1.5 | B100: -17.333333 | C100: 0.33333333 | D100: -52 | E100: 0.012241179 | F100: -21.568735 | G100: -13.097932 | H100: -21.568735 | I100: -13.097932
A101: Shingle_Minimal | B101: -1.5 | C101: 0.28867513 | D101: -5.1961524 | E101: 0.12103772 | F101: -5.1679654 | G101: 2.1679654 | H101: -5.1679654 | I101: 2.1679654
A102: Price_9 | B102: -2.3333333 | C102: 0.33333333 | D102: -7 | E102: 0.090334471 | F102: -6.5687349 | G102: 1.9020682 | H102: -6.5687349 | I102: 1.9020682
A103: Price_10 | B103: -6.6666667 | C103: 0.33333333 | D103: -20 | E103: 0.031804503 | F103: -10.902068 | G103: -2.4312651 | H103: -10.902068 | I103: -2.4312651
A105: RESPONDENT 5
A106: SUMMARY OUTPUT
A108: Regression Statistics
A109: Multiple R | B109: 0.99982028
A110: R Square | B110: 0.99964059
A111: Adjusted R Square | B111: 0.99712472
A112: Standard Error | B112: 0.81649658
A113: Observations | B113: 9
A115: ANOVA
B116: df | C116: SS | D116: MS | E116: F | F116: Significance F
A117: Regression | B117: 7 | C117: 1854.2222 | D117: 264.88889 | E117: 397.33333 | F117: 0.038609613
A118: Residual | B118: 1 | C118: 0.66666667 | D118: 0.66666667
...

Sheet Respondent 6-10 regression
A1: RESPONDENT 6
A2: SUMMARY OUTPUT
A4: Regression Statistics
A5: Multiple R | B5: 0.99893418
A6: R Square | B6: 0.99786949
A7: Adjusted R Square | B7: 0.98295589
A8: Standard Error | B8: 2.4494897
A9: Observations | B9: 9
A11: ANOVA
B12: df | C12: SS | D12: MS | E12: F | F12: Significance F
A13: Regression | B13: 7 | C13: 2810.2222 | D13: 401.46032 | E13: 66.910053 | F13: 0.093864477
A14: Residual | B14: 1 | C14: 6 | D14: 6
A15: Total | B15: 8 | C15: 2816.2222
B17: Coefficients | C17: Standard Error | D17: t Stat | E17: P-value | F17: Lower 95% | G17: Upper 95% | H17: Lower 95.0% | I17: Upper 95.0%
A18: Intercept | B18: 92.666667 | C18: 2.236068 | D18: 41.441793 | E18: 0.015358801 | F18: 64.254729 | G18: 121.0786 | H18: 64.254729 | I18: 121.0786
A19: Resist_Med | B19: -7 | C19: 2 | D19: -3.5 | E19: 0.17717107 | F19: -32.412409 | G19: 18.412409 | H19: -32.412409 | I19: 18.412409
A20: Resist_High | B20: -26.666667 | C20: 2 | D20: -13.333333 | E20: 0.047657259 | F20: -52.079076 | G20: -1.2542572 | H20: -52.079076 | I20: -1.2542572
A21: Speed_1.2 | B21: -24.666667 | C21: 2 | D21: -12.333333 | E21: 0.051505149 | F21: -50.079076 | G21: 0.74574281 | H21: -50.079076 | I21: 0.74574281
A22: Speed_1.5 | B22: -30 | C22: 2 | D22: -15 | E22: 0.042378609 | F22: -55.412409 | G22: -4.5875905 | H22: -55.412409 | I22: -4.5875905
A23: Shingle_Minimal | B23: -4.6666667 | C23: 1.7320508 | D23: -2.6943013 | E23: 0.22625107 | F23: -26.674459 | G23: 17.341126 | H23: -26.674459 | I23: 17.341126
A24: Price_9 | B24: -7 | C24: 2 | D24: -3.5 | E24: 0.17717107 | F24: -32.412409 | G24: 18.412409 | H24: -32.412409 | I24: 18.412409
A25: Price_10 | B25: -5.6666667 | C25: 2 | D25: -2.8333333 | E25: 0.21600039 | F25: -31.079076 | G25: 19.745743 | H25: -31.079076 | I25: 19.745743
A27: RESPONDENT 7
A28: SUMMARY OUTPUT
A30: Regression Statistics
A31: Multiple R | B31: 0.99884013
A32: R Square | B32: 0.99768161
A33: Adjusted R Square | B33: 0.98145286
A34: Standard Error | B34: 1.6329932
A35: Observations | B35: 9
A37: ANOVA
B38: df | C38: SS | D38: MS | E38: F | F38: Significance F
A39: Regression | B39: 7 | C39: 1147.5556 | D39: 163.93651 | E39: 61.47619 | F39: 0.09790043
A40: Residual | B40: 1 | C40: 2.6666667 | D40: 2.6666667
A41: Total | B41: 8 | C41: 1150.2222
B43: Coefficients | C43: Standard Error | D43: t Stat | E43: P-value | F43: Lower 95% | G43: Upper 95% | H43: Lower 95.0% | I43: Upper 95.0%
A44: Intercept | B44: 51.666667 | C44: 1.490712 | D44: 34.659054 | E44: 0.018362971 | F44: 32.725375 | G44: 70.607958 | H44: 32.725375 | I44: 70.607958
A45: Resist_Med | B45: -4 | C45: 1.3333333 | D45: -3 | E45: 0.20483276 | F45: -20.941606 | G45: 12.941606 | H45: -20.941606 | I45: 12.941606
A46: Resist_High | B46: -6.3333333 | C46: 1.3333333 | D46: -4.75 | E46: 0.1320962 | F46: -23.27494 | G46: 10.608273 | H46: -23.27494 | I46: 10.608273
A47: Speed_1.2 | B47: -15 | C47: 1.3333333 | D47: -11.25 | E47: 0.056440087 | F47: -31.941606 | G47: 1.9416063 | H47: -31.941606 | I47: 1.9416063
A48: Speed_1.5 | B48: -26.333333 | C48: 1.3333333 | D48: -19.75 | E48: 0.032206409 | F48: -43.27494 | G48: -9.391727 | H48: -43.27494 | I48: -9.391727
A49: Shingle_Minimal | B49: -3.3333333 | C49: 1.1547005 | D49: -2.8867513 | E49: 0.21229562 | F49: -18.005195 | G49: 11.338528 | H49: -18.005195 | I49: 11.338528
A50: Price_9 | B50: -3.3333333 | C50: 1.3333333 | D50: -2.5 | E50: 0.24223788 | F50: -20.27494 | G50: 13.608273 | H50: -20.27494 | I50: 13.608273
A51: Price_10 | B51: -2 | C51: 1.3333333 | D51: -1.5 | E51: 0.37433408 | F51: -18.941606 | G51: 14.941606 | H51: -18.941606 | I51: 14.941606
A53: RESPONDENT 8
A54: SUMMARY OUTPUT
A56: Regression Statistics
A57: Multiple R | B57: 0.99534921
A58: R Square | B58: 0.99072005
A59: Adjusted R Square | B59: 0.92576044
A60: Standard Error | B60: 4.8989795
A61: Observations | B61: 9
A63: ANOVA
B64: df | C64: SS | D64: MS | E64: F | F64: Significance F
A65: Regression | B65: 7 | C65: 2562.2222 | D65: 366.03175 | E65: 15.251323 | F65: 0.1947356
A66: Residual | B66: 1 | C66: 24 | D66: 24
A67: Total | B67: 8 | C67: 2586.2222
B69: Coefficients | C69: Standard Error | D69: t Stat | E69: P-value | F69: Lower 95% | G69: Upper 95% | H69: Lower 95.0% | I69: Upper 95.0%
A70: Intercept | B70: 98.333333 | C70: 4.472136 | D70: 21.988002 | E70: 0.028933115 | F70: 41.509458 | G70: 155.15721 | H70: 41.509458 | I70: 155.15721
A71: Resist_Med | B71: -25 | C71: 4 | D71: -6.25 | E71: 0.10100308 | F71: -75.824819 | G71: 25.824819 | H71: -75.824819 | I71: 25.824819
A72: Resist_High | B72: -34.333333 | C72: 4 | D72: -8.5833333 | E72: 0.073836425 | F72: -85.158152 | G72: 16.491486 | H72: -85.158152 | I72: 16.491486
A73: Speed_1.2 | B73: -6.3333333 | C73: 4 | D73: -1.5833333 | E73: 0.35861827 | F73: -57.158152 | G73: 44.491486 | H73: -57.158152 | I73: 44.491486
A74: Speed_1.5 | B74: -12 | C74: 4 | D74: -3 | E74: 0.20483276 | F74: -62.824819 | G74: 38.824819 | H74: -62.824819 | I74: 38.824819
A75: Shingle_Minimal | B75: -9.3333333 | C75: 3.4641016 | D75: -2.6943013 | E75: 0.22625107 | F75: -53.348918 | G75: 34.682251 | H75: -53.348918 | I75: 34.682251
A76: Price_9 | B76: -4 | C76: 4 | D76: -1 | E76: 0.5 | F76: -54.824819 | G76: 46.824819 | H76: -54.824819 | I76: 46.824819
A77: Price_10 | B77: -13.333333 | C77: 4 | D77: -3.3333333 | E77: 0.18554716 | F77: -64.158152 | G77: 37.491486 | H77: -64.158152 | I77: 37.491486
A79: RESPONDENT 9
A80: SUMMARY OUTPUT
A82: Regression Statistics
A83: Multiple R | B83: 0.99433808
A84: R Square | B84: 0.98870822
A85: Adjusted R Square | B85: 0.90966576
A86: Standard Error | B86: 4.0824829
A87: Observations | B87: 9
A89: ANOVA
B90: df | C90: SS | D90: MS | E90: F | F90: Significance F
A91: Regression | B91: 7 | C91: 1459.3333 | D91: 208.47619 | E91: 12.508571 | F91: 0.2144501
A92: Residual | B92: 1 | C92: 16.666667 | D92: 16.666667
A93: Total | B93: 8 | C93: 1476
B95: Coefficients | C95: Standard Error | D95: t Stat | E95: P-value | F95: Lower 95% | G95: Upper 95% | H95: Lower 95.0% | I95: Upper 95.0%
A96: Intercept | B96: 56.666667 | C96: 3.72678 | D96: 15.205262 | E96: 0.041808177 | F96: 9.3134375 | G96: 104.0199 | H96: 9.3134375 | I96: 104.0199
A97: Resist_Med | B97: -5.6666667 | C97: 3.3333333 | D97: -1.7 | E97: 0.33850605 | F97: -48.020682 | G97: 36.687349 | H97: -48.020682 | I97: 36.687349
A98: Resist_High | B98: -10.333333 | C98: 3.3333333 | D98: -3.1 | E98: 0.19865218 | F98: -52.687349 | G98: 32.020682 | H98: -52.687349 | I98: 32.020682
A99: Speed_1.2 | B99: -19.333333 | C99: 3.3333333 | D99: -5.8 | E99: 0.10869341 | F99: -61.687349 | G99: 23.020682 | H99: -61.687349 | I99: 23.020682
A100: Speed_1.5 | B100: -24.666667 | C100: 3.3333333 | D100: -7.4 | E100: 0.085511686 | F100: -67.020682 | G100: 17.687349 | H100: -67.020682 | I100: 17.687349
A101: Shingle_Minimal | B101: -9 | C101: 2.8867513 | D101: -3.1176915 | E101: 0.19759612 | F101: -45.679654 | G101: 27.679654 | H101: -45.679654 | I101: 27.679654
A102: Price_9 | B102: -9 | C102: 3.3333333 | D102: -2.7 | E102: 0.22581263 | F102: -51.354016 | G102: 33.354016 | H102: -51.354016 | I102: 33.354016
A103: Price_10 | B103: -6 | C103: 3.3333333 | D103: -1.8 | E103: 0.32282893 | F103: -48.354016 | G103: 36.354016 | H103: -48.354016 | I103: 36.354016
A105: RESPONDENT 10
A106: SUMMARY OUTPUT
A108: Regression Statistics
A109: Multiple R | B109: 1
A110: R Square | B110: 1
A111: Adjusted R Square | B111: 1
A112: Standard Error | B112: 0
A113: Observations | B113: 9
A115: ANOVA
B116: df | C116: SS | D116: MS | E116: F | F116: Significance F
A117: Regression | B117: 7 | C117: 3566 | D117: 509.42857 | E117: N/A | F117: N/A
A118: Residual | B118: 1 | C118: 0 | D118: 0
...

Sheet Respondent 11-15 regression
A1: RESPONDENT 11
A2: SUMMARY OUTPUT
A4: Regression Statistics
A5: Multiple R | B5: 0.99639881
A6: R Square | B6: 0.99281058
A7: Adjusted R Square | B7: 0.94248466
A8: Standard Error | B8: 2.0412415
A9: Observations | B9: 9
A11: ANOVA
B12: df | C12: SS | D12: MS | E12: F | F12: Significance F
A13: Regression | B13: 7 | C13: 575.38889 | D13: 82.198413 | E13: 19.727619 | F13: 0.17170211
A14: Residual | B14: 1 | C14: 4.1666667 | D14: 4.1666667
A15: Total | B15: 8 | C15: 579.55556
B17: Coefficients | C17: Standard Error | D17: t Stat | E17: P-value | F17: Lower 95% | G17: Upper 95% | H17: Lower 95.0% | I17: Upper 95.0%
A18: Intercept | B18: 39.833333 | C18: 1.86339 | D18: 21.37681 | E18: 0.029759165 | F18: 16.156719 | G18: 63.509948 | H18: 16.156719 | I18: 63.509948
A19: Resist_Med | B19: -9.3333333 | C19: 1.6666667 | D19: -5.6 | E19: 0.11249635 | F19: -30.510341 | G19: 11.843675 | H19: -30.510341 | I19: 11.843675
A20: Resist_High | B20: -12 | C20: 1.6666667 | D20: -7.2 | E20: 0.087857363 | F20: -33.177008 | G20: 9.1770079 | H20: -33.177008 | I20: 9.1770079
A21: Speed_1.2 | B21: -9.3333333 | C21: 1.6666667 | D21: -5.6 | E21: 0.11249635 | F21: -30.510341 | G21: 11.843675 | H21: -30.510341 | I21: 11.843675
A22: Speed_1.5 | B22: -8 | C22: 1.6666667 | D22: -4.8 | E22: 0.13075877 | F22: -29.177008 | G22: 13.177008 | H22: -29.177008 | I22: 13.177008
A23: Shingle_Minimal | B23: 9.1666667 | C23: 1.4433757 | D23: 6.350853 | E23: 0.099425284 | F23: -9.1731601 | G23: 27.506493 | H23: -9.1731601 | I23: 27.506493
A24: Price_9 | B24: 0.33333333 | C24: 1.6666667 | D24: 0.2 | E24: 0.87433408 | F24: -20.843675 | G24: 21.510341 | H24: -20.843675 | I24: 21.510341
A25: Price_10 | B25: -2.6666667 | C25: 1.6666667 | D25: -1.6 | E25: 0.35561537 | F25: -23.843675 | G25: 18.510341 | H25: -23.843675 | I25: 18.510341
A27: RESPONDENT 12
A28: SUMMARY OUTPUT
A30: Regression Statistics
A31: Multiple R | B31: 0.99873385
A32: R Square | B32: 0.9974693
A33: Adjusted R Square | B33: 0.97975443
A34: Standard Error | B34: 2.4494897
A35: Observations | B35: 9
A37: ANOVA
B38: df | C38: SS | D38: MS | E38: F | F38: Significance F
A39: Regression | B39: 7 | C39: 2364.8889 | D39: 337.84127 | E39: 56.306878 | F39: 0.10226672
A40: Residual | B40: 1 | C40: 6 | D40: 6
A41: Total | B41: 8 | C41: 2370.8889
B43: Coefficients | C43: Standard Error | D43: t Stat | E43: P-value | F43: Lower 95% | G43: Upper 95% | H43: Lower 95.0% | I43: Upper 95.0%
A44: Intercept | B44: 78 | C44: 2.236068 | D44: 34.88266 | E44: 0.018245325 | F44: 49.588062 | G44: 106.41194 | H44: 49.588062 | I44: 106.41194
A45: Resist_Med | B45: -6.3333333 | C45: 2 | D45: -3.1666667 | E45: 0.19472854 | F45: -31.745743 | G45: 19.079076 | H45: -31.745743 | I45: 19.079076
A46: Resist_High | B46: -21 | C46: 2 | D46: -10.5 | E46: 0.060448134 | F46: -46.412409 | G46: 4.4124095 | H46: -46.412409 | I46: 4.4124095
A47: Speed_1.2 | B47: -14.666667 | C47: 2 | D47: -7.3333333 | E47: 0.086279622 | F47: -40.079076 | G47: 10.745743 | H47: -40.079076 | I47: 10.745743
A48: Speed_1.5 | B48: -24.666667 | C48: 2 | D48: -12.333333 | E48: 0.051505149 | F48: -50.079076 | G48: 0.74574281 | H48: -50.079076 | I48: 0.74574281
A49: Shingle_Minimal | B49: -4.3333333 | C49: 1.7320508 | D49: -2.5018512 | E49: 0.24207544 | F49: -26.341126 | G49: 17.674459 | H49: -26.341126 | I49: 17.674459
A50: Price_9 | B50: -17.333333 | C50: 2 | D50: -8.6666667 | E50: 0.073132718 | F50: -42.745743 | G50: 8.0790761 | H50: -42.745743 | I50: 8.0790761
A51: Price_10 | B51: -20 | C51: 2 | D51: -10 | E51: 0.063451035 | F51: -45.412409 | G51: 5.4124095 | H51: -45.412409 | I51: 5.4124095
A53: RESPONDENT 13
A54: SUMMARY OUTPUT
A56: Regression Statistics
A57: Multiple R | B57: 0.9995714
A58: R Square | B58: 0.99914298
A59: Adjusted R Square | B59: 0.99314384
A60: Standard Error | B60: 1.6329932
A61: Observations | B61: 9
A63: ANOVA
B64: df | C64: SS | D64: MS | E64: F | F64: Significance F
A65: Regression | B65: 7 | C65: 3108.8889 | D65: 444.12698 | E65: 166.54762 | F65: 0.059595783
A66: Residual | B66: 1 | C66: 2.6666667 | D66: 2.6666667
A67: Total | B67: 8 | C67: 3111.5556
B69: Coefficients | C69: Standard Error | D69: t Stat | E69: P-value | F69: Lower 95% | G69: Upper 95% | H69: Lower 95.0% | I69: Upper 95.0%
A70: Intercept | B70: 102.33333 | C70: 1.490712 | D70: 68.647287 | E70: 0.0092731232 | F70: 83.392042 | G70: 121.27463 | H70: 83.392042 | I70: 121.27463
A71: Resist_Med | B71: -29.666667 | C71: 1.3333333 | D71: -22.25 | E71: 0.028592883 | F71: -46.608273 | G71: -12.72506 | H71: -46.608273 | I71: -12.72506
A72: Resist_High | B72: -32 | C72: 1.3333333 | D72: -24 | E72: 0.026510489 | F72: -48.941606 | G72: -15.058394 | H72: -48.941606 | I72: -15.058394
A73: Speed_1.2 | B73: -4 | C73: 1.3333333 | D73: -3 | E73: 0.20483276 | F73: -20.941606 | G73: 12.941606 | H73: -20.941606 | I73: 12.941606
A74: Speed_1.5 | B74: -10.666667 | C74: 1.3333333 | D74: -8 | E74: 0.079166848 | F74: -27.608273 | G74: 6.2749396 | H74: -27.608273 | I74: 6.2749396
A75: Shingle_Minimal | B75: -3.6666667 | C75: 1.1547005 | D75: -3.1754265 | E75: 0.19422411 | F75: -18.338528 | G75: 11.005195 | H75: -18.338528 | I75: 11.005195
A76: Price_9 | B76: -22 | C76: 1.3333333 | D76: -16.5 | E76: 0.038535881 | F76: -38.941606 | G76: -5.0583937 | H76: -38.941606 | I76: -5.0583937
A77: Price_10 | B77: -22.666667 | C77: 1.3333333 | D77: -17 | E77: 0.037405118 | F77: -39.608273 | G77: -5.7250604 | H77: -39.608273 | I77: -5.7250604
A79: RESPONDENT 14
A80: SUMMARY OUTPUT
A82: Regression Statistics
A83: Multiple R | B83: 0.99425371
A84: R Square | B84: 0.98854044
A85: Adjusted R Square | B85: 0.90832351
A86: Standard Error | B86: 7.3484692
A87: Observations | B87: 9
A89: ANOVA
B90: df | C90: SS | D90: MS | E90: F | F90: Significance F
A91: Regression | B91: 7 | C91: 4658.2222 | D91: 665.46032 | E91: 12.323339 | F91: 0.21600728
A92: Residual | B92: 1 | C92: 54 | D92: 54
A93: Total | B93: 8 | C93: 4712.2222
B95: Coefficients | C95: Standard Error | D95: t Stat | E95: P-value | F95: Lower 95% | G95: Upper 95% | H95: Lower 95.0% | I95: Upper 95.0%
A96: Intercept | B96: 106.66667 | C96: 6.7082039 | D96: 15.900928 | E96: 0.039983985 | F96: 21.430854 | G96: 191.90248 | H96: 21.430854 | I96: 191.90248
A97: Resist_Med | B97: -5 | C97: 6 | D97: -0.83333333 | E97: 0.55771588 | F97: -81.237228 | G97: 71.237228 | H97: -81.237228 | I97: 71.237228
A98: Resist_High | B98: -16.666667 | C98: 6 | D98: -2.7777778 | E98: 0.21998752 | F98: -92.903895 | G98: 59.570562 | H98: -92.903895 | I98: 59.570562
A99: Speed_1.2 | B99: -0.66666667 | C99: 6 | D99: -0.11111111 | E99: 0.92955343 | F99: -76.903895 | G99: 75.570562 | H99: -76.903895 | I99: 75.570562
A100: Speed_1.5 | B100: -42 | C100: 6 | D100: -7 | E100: 0.090334471 | F100: -118.23723 | G100: 34.237228 | H100: -118.23723 | I100: 34.237228
A101: Shingle_Minimal | B101: -16.666667 | C101: 5.1961524 | D101: -3.2075015 | E101: 0.19239853 | F101: -82.690043 | G101: 49.35671 | H101: -82.690043 | I101: 49.35671
A102: Price_9 | B102: -11 | C102: 6 | D102: -1.8333333 | E102: 0.317894 | F102: -87.237228 | G102: 65.237228 | H102: -87.237228 | I102: 65.237228
A103: Price_10 | B103: -7.6666667 | C103: 6 | D103: -1.2777778 | E103: 0.42274492 | F103: -83.903895 | G103: 68.570562 | H103: -83.903895 | I103: 68.570562
A105: RESPONDENT 15
A106: SUMMARY OUTPUT
A108: Regression Statistics
A109: Multiple R | B109: 1
A110: R Square | B110: 1
A111: Adjusted R Square | B111: 1
A112: Standard Error | B112: 1.0658141e-14
A113: Observations | B113: 9
A115: ANOVA
B116: df | C116: SS | D116: MS | E116: F | F116: Significance F
A117: Regression | B117: 7 | C117: 1318 | D117: 188.28571 | E117: 1.6575035e+30 | F117: 5.9807254e-16
A118: Residual | B118: 1 | C118: 1.1359597e-28 | D118: 1.1359597e-28
...

Sheet Respondent 16-20 regressions
A1: RESPONDENT 16
A2: SUMMARY OUTPUT
A4: Regression Statistics
A5: Multiple R | B5: 0.99983177
A6: R Square | B6: 0.99966356
A7: Adjusted R Square | B7: 0.99730851
A8: Standard Error | B8: 0.81649658
A9: Observations | B9: 9
A11: ANOVA
B12: df | C12: SS | D12: MS | E12: F | F12: Significance F
A13: Regression | B13: 7 | C13: 1980.8889 | D13: 282.98413 | E13: 424.47619 | F13: 0.037355933
A14: Residual | B14: 1 | C14: 0.66666667 | D14: 0.66666667
A15: Total | B15: 8 | C15: 1981.5556
B17: Coefficients | C17: Standard Error | D17: t Stat | E17: P-value | F17: Lower 95% | G17: Upper 95% | H17: Lower 95.0% | I17: Upper 95.0%
A18: Intercept | B18: 76 | C18: 0.74535599 | D18: 101.9647 | E18: 0.0062433309 | F18: 66.529354 | G18: 85.470646 | H18: 66.529354 | I18: 85.470646
A19: Resist_Med | B19: -23.333333 | C19: 0.66666667 | D19: -35 | E19: 0.018184189 | F19: -31.804136 | G19: -14.86253 | H19: -31.804136 | I19: -14.86253
A20: Resist_High | B20: -28.333333 | C20: 0.66666667 | D20: -42.5 | E20: 0.014976525 | F20: -36.804136 | G20: -19.86253 | H20: -36.804136 | I20: -19.86253
A21: Speed_1.2 | B21: -4.3333333 | C21: 0.66666667 | D21: -6.5 | E21: 0.097179581 | F21: -12.804136 | G21: 4.1374698 | H21: -12.804136 | I21: 4.1374698
A22: Speed_1.5 | B22: -14.333333 | C22: 0.66666667 | D22: -21.5 | E22: 0.029588897 | F22: -22.804136 | G22: -5.8625302 | H22: -22.804136 | I22: -5.8625302
A23: Shingle_Minimal | B23: -3.6666667 | C23: 0.57735027 | D23: -6.350853 | E23: 0.099425284 | F23: -11.002597 | G23: 3.6692641 | H23: -11.002597 | I23: 3.6692641
A24: Price_9 | B24: -11 | C24: 0.66666667 | D24: -16.5 | E24: 0.038535881 | F24: -19.470803 | G24: -2.5291968 | H24: -19.470803 | I24: -2.5291968
A25: Price_10 | B25: -11.666667 | C25: 0.66666667 | D25: -17.5 | E25: 0.036338755 | F25: -20.13747 | G25: -3.1958635 | H25: -20.13747 | I25: -3.1958635
A27: RESPONDENT 17
A28: SUMMARY OUTPUT
A30: Regression Statistics
A31: Multiple R | B31: 0.99954132
A32: R Square | B32: 0.99908285
A33: Adjusted R Square | B33: 0.99266279
A34: Standard Error | B34: 0.81649658
A35: Observations | B35: 9
A37: ANOVA
B38: df | C38: SS | D38: MS | E38: F | F38: Significance F
A39: Regression | B39: 7 | C39: 726.22222 | D39: 103.74603 | E39: 155.61905 | F39: 0.061647936
A40: Residual | B40: 1 | C40: 0.66666667 | D40: 0.66666667
A41: Total | B41: 8 | C41: 726.88889
B43: Coefficients | C43: Standard Error | D43: t Stat | E43: P-value | F43: Lower 95% | G43: Upper 95% | H43: Lower 95.0% | I43: Upper 95.0%
A44: Intercept | B44: 67 | C44: 0.74535599 | D44: 89.889933 | E44: 0.0070819222 | F44: 57.529354 | G44: 76.470646 | H44: 57.529354 | I44: 76.470646
A45: Resist_Med | B45: -8.3333333 | C45: 0.66666667 | D45: -12.5 | E45: 0.050821347 | F45: -16.804136 | G45: 0.13746982 | H45: -16.804136 | I45: 0.13746982
A46: Resist_High | B46: -12.333333 | C46: 0.66666667 | D46: -18.5 | E46: 0.034378423 | F46: -20.804136 | G46: -3.8625302 | H46: -20.804136 | I46: -3.8625302
A47: Speed_1.2 | B47: -5.3333333 | C47: 0.66666667 | D47: -8 | E47: 0.079166848 | F47: -13.804136 | G47: 3.1374698 | H47: -13.804136 | I47: 3.1374698
A48: Speed_1.5 | B48: -16.333333 | C48: 0.66666667 | D48: -24.5 | E48: 0.025970065 | F48: -24.804136 | G48: -7.8625302 | H48: -24.804136 | I48: -7.8625302
A49: Shingle_Minimal | B49: -1.6666667 | C49: 0.57735027 | D49: -2.8867513 | E49: 0.21229562 | F49: -9.0025974 | G49: 5.6692641 | H49: -9.0025974 | I49: 5.6692641
A50: Price_9 | B50: -3 | C50: 0.66666667 | D50: -4.5 | E50: 0.13920897 | F50: -11.470803 | G50: 5.4708032 | H50: -11.470803 | I50: 5.4708032
A51: Price_10 | B51: -6.6666667 | C51: 0.66666667 | D51: -10 | E51: 0.063451035 | F51: -15.13747 | G51: 1.8041365 | H51: -15.13747 | I51: 1.8041365
A53: RESPONDENT 18
A54: SUMMARY OUTPUT
A56: Regression Statistics
A57: Multiple R | B57: 0.99854263
A58: R Square | B58: 0.99708738
A59: Adjusted R Square | B59: 0.97669903
A60: Standard Error | B60: 1.6329932
A61: Observations | B61: 9
A63: ANOVA
B64: df | C64: SS | D64: MS | E64: F | F64: Significance F
A65: Regression | B65: 7 | C65: 912.88889 | D65: 130.4127 | E65: 48.904762 | F65: 0.10967764
A66: Residual | B66: 1 | C66: 2.6666667 | D66: 2.6666667
A67: Total | B67: 8 | C67: 915.55556
B69: Coefficients | C69: Standard Error | D69: t Stat | E69: P-value | F69: Lower 95% | G69: Upper 95% | H69: Lower 95.0% | I69: Upper 95.0%
A70: Intercept | B70: 103.66667 | C70: 1.490712 | D70: 69.541714 | E70: 0.0091538713 | F70: 84.725375 | G70: 122.60796 | H70: 84.725375 | I70: 122.60796
A71: Resist_Med | B71: -10 | C71: 1.3333333 | D71: -7.5 | E71: 0.084384926 | F71: -26.941606 | G71: 6.9416063 | H71: -26.941606 | I71: 6.9416063
A72: Resist_High | B72: -15.333333 | C72: 1.3333333 | D72: -11.5 | E72: 0.055219341 | F72: -32.27494 | G72: 1.608273 | H72: -32.27494 | I72: 1.608273
A73: Speed_1.2 | B73: -7 | C73: 1.3333333 | D73: -5.25 | E73: 0.11982553 | F73: -23.941606 | G73: 9.9416063 | H73: -23.941606 | I73: 9.9416063
A74: Speed_1.5 | B74: -13.333333 | C74: 1.3333333 | D74: -10 | E74: 0.063451035 | F74: -30.27494 | G74: 3.608273 | H74: -30.27494 | I74: 3.608273
A75: Shingle_Minimal | B75: -3.3333333 | C75: 1.1547005 | D75: -2.8867513 | E75: 0.21229562 | F75: -18.005195 | G75: 11.338528 | H75: -18.005195 | I75: 11.338528
A76: Price_9 | B76: -8.3333333 | C76: 1.3333333 | D76: -6.25 | E76: 0.10100308 | F76: -25.27494 | G76: 8.608273 | H76: -25.27494 | I76: 8.608273
A77: Price_10 | B77: -13 | C77: 1.3333333 | D77: -9.75 | E77: 0.065066818 | F77: -29.941606 | G77: 3.9416063 | H77: -29.941606 | I77: 3.9416063
A79: RESPONDENT 19
A80: SUMMARY OUTPUT
A82: Regression Statistics
A83: Multiple R | B83: 0.99714166
A84: R Square | B84: 0.99429149
A85: Adjusted R Square | B85: 0.95433189
A86: Standard Error | B86: 3.6742346
A87: Observations | B87: 9
A89: ANOVA
B90: df | C90: SS | D90: MS | E90: F | F90: Significance F
A91: Regression | B91: 7 | C91: 2351.3889 | D91: 335.9127 | E91: 24.882422 | F91: 0.15318845
A92: Residual | B92: 1 | C92: 13.5 | D92: 13.5
A93: Total | B93: 8 | C93: 2364.8889
B95: Coefficients | C95: Standard Error | D95: t Stat | E95: P-value | F95: Lower 95% | G95: Upper 95% | H95: Lower 95.0% | I95: Upper 95.0%
A96: Intercept | B96: 74.166667 | C96: 3.354102 | D96: 22.112228 | E96: 0.028770792 | F96: 31.54876 | G96: 116.78457 | H96: 31.54876 | I96: 116.78457
A97: Resist_Med | B97: -18.666667 | C97: 3 | D97: -6.2222222 | E97: 0.10144641 | F97: -56.785281 | G97: 19.451948 | H97: -56.785281 | I97: 19.451948
A98: Resist_High | B98: -29.666667 | C98: 3 | D98: -9.8888889 | E98: 0.064159177 | F98: -67.785281 | G98: 8.4519475 | H98: -67.785281 | I98: 8.4519475
A99: Speed_1.2 | B99: -6 | C99: 3 | D99: -2 | E99: 0.29516724 | F99: -44.118614 | G99: 32.118614 | H99: -44.118614 | I99: 32.118614
A100: Speed_1.5 | B100: -24.333333 | C100: 3 | D100: -8.1111111 | E100: 0.078093292 | F100: -62.451948 | G100: 13.785281 | H100: -62.451948 | I100: 13.785281
A101: Shingle_Minimal | B101: -2.8333333 | C101: 2.5980762 | D101: -1.0905505 | E101: 0.47244255 | F101: -35.845022 | G101: 30.178355 | H101: -35.845022 | I101: 30.178355
A102: Price_9 | B102: -2.6666667 | C102: 3 | D102: -0.88888889 | E102: 0.53740512 | F102: -40.785281 | G102: 35.451948 | H102: -40.785281 | I102: 35.451948
A103: Price_10 | B103: -3.6666667 | C103: 3 | D103: -1.2222222 | E103: 0.43654897 | F103: -41.785281 | G103: 34.451948 | H103: -41.785281 | I103: 34.451948
A105: RESPONDENT 20
A106: SUMMARY OUTPUT
A108: Regression Statistics
A109: Multiple R | B109: 0.99831366
A110: R Square | B110: 0.99663016
A111: Adjusted R Square | B111: 0.97304128
A112: Standard Error | B112: 4.8989795
A113: Observations | B113: 9
A115: ANOVA
B116: df | C116: SS | D116: MS | E116: F | F116: Significance F
A117: Regression | B117: 7 | C117: 7098 | D117: 1014 | E117: 42.25 | F117: 0.11792755
A118: Residual | B118: 1 | C118: 24 | D118: 24
...
